year,month,day,time,latitude,longitude,wind_dir,wind_speed,gust,pressure,pressure_tendency,air_temp,water_temp,dew_point,wave_height,wave_period
2026,3,15,1400,37.24,126.02,320,5.0,MM,MM,MM,4.3,5.4,MM,0.5,0
2026,3,15,1300,37.24,126.02,310,7.0,MM,MM,MM,4.3,5.5,MM,0.5,0
2026,3,15,1200,37.24,126.02,310,7.0,MM,MM,MM,4.2,5.5,MM,0.5,0
2026,3,15,1100,37.24,126.02,310,6.0,MM,MM,MM,4.5,5.4,MM,0.5,0
2026,3,15,1000,37.24,126.02,300,5.0,MM,MM,MM,4.8,5.4,MM,0.0,0
2026,3,15,900,37.24,126.02,290,5.0,MM,MM,MM,5.0,5.4,MM,0.0,0
2026,3,15,800,37.24,126.02,270,3.0,MM,MM,MM,5.1,5.4,MM,0.0,0
2026,3,15,700,37.24,126.02,290,3.0,MM,MM,MM,4.9,5.4,MM,0.0,0
2026,3,15,600,37.24,126.02,300,4.0,MM,MM,MM,4.8,5.5,MM,0.0,0
2026,3,15,500,37.24,126.02,290,3.0,MM,MM,MM,4.7,5.4,MM,0.0,0
2026,3,15,400,37.24,126.02,290,3.0,MM,MM,MM,4.7,5.5,MM,0.0,0
2026,3,15,300,37.24,126.02,290,2.0,MM,MM,MM,4.7,5.5,MM,0.0,0
2026,3,15,200,37.24,126.02,290,2.0,MM,MM,MM,4.6,5.5,MM,0.0,0
2026,3,15,100,37.24,126.02,200,1.0,MM,MM,MM,4.5,5.3,MM,0.0,0
2026,3,15,0,37.24,126.02,210,0.0,MM,MM,MM,4.6,5.3,MM,0.0,0
2026,3,14,2300,37.24,126.02,110,1.0,MM,MM,MM,4.5,5.3,MM,0.0,0
2026,3,14,2200,37.24,126.02,340,2.0,MM,MM,MM,4.4,5.2,MM,0.0,0
2026,3,14,2100,37.24,126.02,330,1.0,MM,MM,MM,4.4,5.3,MM,0.0,0
2026,3,14,2000,37.24,126.02,270,1.0,MM,MM,MM,4.5,5.3,MM,0.0,0
2026,3,14,1900,37.24,126.02,280,2.0,MM,MM,MM,4.5,5.3,MM,0.0,0
2026,3,14,1800,37.24,126.02,250,3.0,MM,MM,MM,4.5,5.3,MM,0.0,0
2026,3,14,1700,37.24,126.02,260,2.0,MM,MM,MM,4.7,5.3,MM,0.0,0
2026,3,14,1600,37.24,126.02,280,2.0,MM,MM,MM,4.9,5.3,MM,0.0,0
2026,3,14,1500,37.24,126.02,320,1.0,MM,MM,MM,4.9,5.2,MM,0.0,0
2026,3,14,1400,37.24,126.02,270,2.0,MM,MM,MM,4.7,5.3,MM,0.0,0
2026,3,14,1300,37.24,126.02,260,2.0,MM,MM,MM,4.7,5.2,MM,0.0,0
2026,3,14,1200,37.24,126.02,290,1.0,MM,MM,MM,4.9,5.2,MM,0.0,0
2026,3,14,1100,37.24,126.02,270,2.0,MM,MM,MM,4.9,5.3,MM,0.0,0
2026,3,14,1000,37.24,126.02,250,2.0,MM,MM,MM,4.9,5.3,MM,0.0,0
2026,3,14,900,37.24,126.02,280,1.0,MM,MM,MM,4.9,5.2,MM,0.0,0
2026,3,14,800,37.24,126.02,270,2.0,MM,MM,MM,5.2,5.5,MM,0.0,0
2026,3,14,700,37.24,126.02,270,3.0,MM,MM,MM,5.2,5.9,MM,0.0,0
2026,3,14,600,37.24,126.02,260,2.0,MM,MM,MM,5.4,6.1,MM,0.0,0
2026,3,14,500,37.24,126.02,270,2.0,MM,MM,MM,5.3,5.6,MM,0.0,0
2026,3,14,400,37.24,126.02,240,2.0,MM,MM,MM,5.2,5.8,MM,0.0,0
2026,3,14,300,37.24,126.02,240,2.0,MM,MM,MM,4.8,5.6,MM,0.0,0
2026,3,14,200,37.24,126.02,180,1.0,MM,MM,MM,4.9,5.5,MM,0.0,0
2026,3,14,100,37.24,126.02,190,2.0,MM,MM,MM,4.7,5.4,MM,0.0,0
2026,3,14,0,37.24,126.02,170,2.0,MM,MM,MM,4.7,5.2,MM,0.0,0
2026,3,13,2300,37.24,126.02,160,1.0,MM,MM,MM,4.7,5.1,MM,0.0,0
2026,3,13,2200,37.24,126.02,MM,0.0,MM,MM,MM,4.7,5.1,MM,0.0,0
2026,3,13,2100,37.24,126.02,130,0.0,MM,MM,MM,4.2,5.2,MM,0.0,0
2026,3,13,2000,37.24,126.02,300,0.0,MM,MM,MM,4.2,5.2,MM,0.0,0
2026,3,13,1900,37.24,126.02,MM,0.0,MM,MM,MM,4.2,5.2,MM,0.0,0
2026,3,13,1800,37.24,126.02,210,0.0,MM,MM,MM,4.6,5.2,MM,0.0,0
2026,3,13,1700,37.24,126.02,330,0.0,MM,MM,MM,4.5,5.3,MM,0.0,0
2026,3,13,1600,37.24,126.02,330,0.0,MM,MM,MM,4.4,5.2,MM,0.0,0
2026,3,13,1500,37.24,126.02,80,1.0,MM,MM,MM,4.4,5.2,MM,0.0,0
2026,3,13,1400,37.24,126.02,100,1.0,MM,MM,MM,4.6,5.2,MM,0.0,0
2026,3,13,1300,37.24,126.02,280,0.0,MM,MM,MM,4.4,5.2,MM,0.0,0
2026,3,13,1200,37.24,126.02,300,0.0,MM,MM,MM,4.7,5.2,MM,0.0,0
2026,3,13,1100,37.24,126.02,340,2.0,MM,MM,MM,4.9,5.3,MM,0.0,0
2026,3,13,1000,37.24,126.02,350,4.0,MM,MM,MM,5.0,5.6,MM,0.0,0
2026,3,13,900,37.24,126.02,340,3.0,MM,MM,MM,5.0,5.9,MM,0.0,0
2026,3,13,800,37.24,126.02,330,2.0,MM,MM,MM,5.3,6.0,MM,0.0,0
2026,3,13,700,37.24,126.02,340,3.0,MM,MM,MM,5.2,5.7,MM,0.0,0
2026,3,13,600,37.24,126.02,350,4.0,MM,MM,MM,5.1,5.7,MM,0.0,0
2026,3,13,500,37.24,126.02,360,2.0,MM,MM,MM,5.2,5.9,MM,0.0,0
2026,3,13,400,37.24,126.02,60,1.0,MM,MM,MM,5.8,5.6,MM,0.0,0
2026,3,13,300,37.24,126.02,90,1.0,MM,MM,MM,5.8,5.4,MM,0.0,0
2026,3,13,200,37.24,126.02,90,4.0,MM,MM,MM,5.3,5.2,MM,0.0,0
2026,3,13,100,37.24,126.02,100,6.0,MM,MM,MM,5.4,5.2,MM,0.0,0
2026,3,13,0,37.24,126.02,90,4.0,MM,MM,MM,4.9,5.1,MM,0.0,0
2026,3,12,2300,37.24,126.02,70,5.0,MM,MM,MM,4.3,5.1,MM,0.0,0
2026,3,12,2200,37.24,126.02,70,7.0,MM,MM,MM,4.2,5.1,MM,0.0,0
2026,3,12,2100,37.24,126.02,80,7.0,MM,MM,MM,4.4,5.1,MM,0.0,0
2026,3,12,2000,37.24,126.02,70,6.0,MM,MM,MM,4.8,5.2,MM,0.0,0
2026,3,12,1900,37.24,126.02,70,5.0,MM,MM,MM,5.3,5.1,MM,0.0,0
2026,3,12,1800,37.24,126.02,80,5.0,MM,MM,MM,5.4,5.1,MM,0.0,0
2026,3,12,1700,37.24,126.02,90,7.0,MM,MM,MM,5.3,5.1,MM,0.5,0
2026,3,12,1600,37.24,126.02,80,7.0,MM,MM,MM,5.3,5.1,MM,0.5,0
2026,3,12,1500,37.24,126.02,70,6.0,MM,MM,MM,5.6,5.2,MM,0.0,0
2026,3,12,1400,37.24,126.02,60,5.0,MM,MM,MM,6.1,5.2,MM,0.0,0
2026,3,12,1300,37.24,126.02,30,4.0,MM,MM,MM,4.9,5.2,MM,0.0,0
2026,3,12,1200,37.24,126.02,0,2.0,MM,MM,MM,4.8,5.2,MM,0.0,0
2026,3,12,1100,37.24,126.02,320,5.0,MM,MM,MM,5.0,5.2,MM,0.0,0
2026,3,12,1000,37.24,126.02,320,6.0,MM,MM,MM,5.0,5.1,MM,0.0,0
2026,3,12,900,37.24,126.02,320,5.0,MM,MM,MM,5.2,5.2,MM,0.0,0
2026,3,12,800,37.24,126.02,310,6.0,MM,MM,MM,4.9,5.4,MM,0.0,0
2026,3,12,700,37.24,126.02,320,4.0,MM,MM,MM,4.9,5.3,MM,0.0,0
2026,3,12,600,37.24,126.02,320,4.0,MM,MM,MM,4.6,5.3,MM,0.0,0
2026,3,12,500,37.24,126.02,340,4.0,MM,MM,MM,4.4,5.5,MM,0.0,0
2026,3,12,400,37.24,126.02,350,3.0,MM,MM,MM,4.2,5.6,MM,0.0,0
2026,3,12,300,37.24,126.02,0,3.0,MM,MM,MM,4.0,5.4,MM,0.0,0
2026,3,12,200,37.24,126.02,30,4.0,MM,MM,MM,3.9,5.2,MM,0.0,0
2026,3,12,100,37.24,126.02,50,5.0,MM,MM,MM,3.8,5.1,MM,0.0,0
2026,3,12,0,37.24,126.02,30,4.0,MM,MM,MM,3.8,5.1,MM,0.0,0
2026,3,11,2300,37.24,126.02,30,5.0,MM,MM,MM,3.8,5.1,MM,0.0,0
2026,3,11,2200,37.24,126.02,20,3.0,MM,MM,MM,3.7,5.1,MM,0.0,0
2026,3,11,2100,37.24,126.02,20,4.0,MM,MM,MM,3.8,5.1,MM,0.0,0
2026,3,11,2000,37.24,126.02,10,5.0,MM,MM,MM,3.9,5.1,MM,0.0,0
2026,3,11,1900,37.24,126.02,360,5.0,MM,MM,MM,4.0,5.1,MM,0.0,0
2026,3,11,1800,37.24,126.02,330,4.0,MM,MM,MM,4.0,5.1,MM,0.0,0
2026,3,11,1700,37.24,126.02,330,3.0,MM,MM,MM,4.1,5.1,MM,0.0,0
2026,3,11,1600,37.24,126.02,330,4.0,MM,MM,MM,4.2,5.1,MM,0.0,0
2026,3,11,1500,37.24,126.02,320,4.0,MM,MM,MM,4.1,5.1,MM,0.0,0
2026,3,11,1400,37.24,126.02,290,3.0,MM,MM,MM,4.0,5.1,MM,0.0,0
2026,3,11,1300,37.24,126.02,320,3.0,MM,MM,MM,4.0,5.1,MM,0.0,0
2026,3,11,1200,37.24,126.02,310,2.0,MM,MM,MM,3.9,5.1,MM,0.0,0
2026,3,11,1100,37.24,126.02,340,2.0,MM,MM,MM,4.0,5.1,MM,0.0,0
2026,3,11,1000,37.24,126.02,300,2.0,MM,MM,MM,4.1,5.1,MM,0.0,0
2026,3,11,900,37.24,126.02,310,2.0,MM,MM,MM,4.1,5.1,MM,0.0,0
2026,3,11,800,37.24,126.02,330,2.0,MM,MM,MM,4.1,5.2,MM,0.0,0
2026,3,11,700,37.24,126.02,330,3.0,MM,MM,MM,4.2,5.1,MM,0.0,0
2026,3,11,600,37.24,126.02,350,2.0,MM,MM,MM,4.1,5.1,MM,0.0,0
2026,3,11,500,37.24,126.02,330,2.0,MM,MM,MM,4.2,5.1,MM,0.0,0
2026,3,11,400,37.24,126.02,250,0.0,MM,MM,MM,6.3,5.2,MM,0.0,0
2026,3,11,300,37.24,126.02,160,1.0,MM,MM,MM,4.5,5.3,MM,0.0,0
2026,3,11,200,37.24,126.02,140,2.0,MM,MM,MM,3.8,5.2,MM,0.0,0
2026,3,11,100,37.24,126.02,120,3.0,MM,MM,MM,3.8,5.1,MM,0.0,0
2026,3,11,0,37.24,126.02,160,2.0,MM,MM,MM,3.6,5.1,MM,0.0,0
2026,3,10,2300,37.24,126.02,170,3.0,MM,MM,MM,3.5,5.0,MM,0.0,0
2026,3,10,2200,37.24,126.02,180,2.0,MM,MM,MM,3.4,5.0,MM,0.0,0
2026,3,10,2100,37.24,126.02,140,2.0,MM,MM,MM,3.3,5.0,MM,0.0,0
2026,3,10,2000,37.24,126.02,140,3.0,MM,MM,MM,3.3,5.1,MM,0.0,0
2026,3,10,1900,37.24,126.02,130,3.0,MM,MM,MM,3.2,5.2,MM,0.0,0
2026,3,10,1800,37.24,126.02,140,2.0,MM,MM,MM,3.4,5.1,MM,0.0,0
2026,3,10,1700,37.24,126.02,150,1.0,MM,MM,MM,3.5,5.2,MM,0.0,0
2026,3,10,1600,37.24,126.02,200,1.0,MM,MM,MM,3.4,5.0,MM,0.0,0
2026,3,10,1500,37.24,126.02,150,1.0,MM,MM,MM,3.3,5.1,MM,0.0,0
2026,3,10,1400,37.24,126.02,140,2.0,MM,MM,MM,3.2,5.1,MM,0.0,0
2026,3,10,1300,37.24,126.02,180,1.0,MM,MM,MM,3.5,5.0,MM,0.0,0
2026,3,10,1200,37.24,126.02,180,1.0,MM,MM,MM,3.5,5.0,MM,0.0,0
2026,3,10,1100,37.24,126.02,180,2.0,MM,MM,MM,3.6,4.9,MM,0.0,0
2026,3,10,1000,37.24,126.02,200,2.0,MM,MM,MM,3.8,5.0,MM,0.0,0
2026,3,10,900,37.24,126.02,240,1.0,MM,MM,MM,4.0,5.0,MM,0.5,0
2026,3,10,800,37.24,126.02,280,2.0,MM,MM,MM,4.4,5.2,MM,0.5,0
2026,3,10,700,37.24,126.02,300,2.0,MM,MM,MM,4.3,5.2,MM,0.5,0
2026,3,10,600,37.24,126.02,270,1.0,MM,MM,MM,4.7,5.0,MM,0.0,0
2026,3,10,500,37.24,126.02,280,2.0,MM,MM,MM,4.3,5.0,MM,0.5,0
2026,3,10,400,37.24,126.02,270,2.0,MM,MM,MM,4.2,5.0,MM,0.5,0
2026,3,10,300,37.24,126.02,270,2.0,MM,MM,MM,4.1,5.1,MM,0.0,0
2026,3,10,200,37.24,126.02,270,2.0,MM,MM,MM,4.0,5.3,MM,0.5,0
2026,3,10,100,37.24,126.02,270,0.0,MM,MM,MM,4.5,5.2,MM,0.5,0
2026,3,10,0,37.24,126.02,300,1.0,MM,MM,MM,3.6,5.0,MM,0.5,0
2026,3,9,2300,37.24,126.02,310,3.0,MM,MM,MM,3.4,5.0,MM,0.5,0
2026,3,9,2200,37.24,126.02,310,2.0,MM,MM,MM,3.3,5.0,MM,0.5,0
2026,3,9,2100,37.24,126.02,320,3.0,MM,MM,MM,3.4,4.9,MM,0.5,0
2026,3,9,2000,37.24,126.02,330,3.0,MM,MM,MM,3.5,4.9,MM,0.5,0
2026,3,9,1900,37.24,126.02,340,2.0,MM,MM,MM,3.6,4.9,MM,0.5,0
2026,3,9,1800,37.24,126.02,340,4.0,MM,MM,MM,3.6,4.9,MM,0.5,0
2026,3,9,1700,37.24,126.02,330,5.0,MM,MM,MM,3.7,5.0,MM,0.5,0
2026,3,9,1600,37.24,126.02,330,6.0,MM,MM,MM,3.8,4.9,MM,0.5,0
2026,3,9,1500,37.24,126.02,330,5.0,MM,MM,MM,3.8,5.0,MM,0.5,0
2026,3,9,1400,37.24,126.02,330,6.0,MM,MM,MM,3.8,5.0,MM,0.5,0
2026,3,9,1300,37.24,126.02,330,7.0,MM,MM,MM,4.0,4.9,MM,0.5,0
2026,3,9,1200,37.24,126.02,340,8.0,MM,MM,MM,4.1,5.0,MM,0.5,0
2026,3,9,1100,37.24,126.02,330,8.0,MM,MM,MM,4.2,5.0,MM,0.5,0
2026,3,9,1000,37.24,126.02,330,8.0,MM,MM,MM,4.3,4.9,MM,0.5,0
2026,3,9,900,37.24,126.02,310,8.0,MM,MM,MM,4.1,5.0,MM,1.0,0
2026,3,9,800,37.24,126.02,310,9.0,MM,MM,MM,3.9,5.0,MM,1.0,0
2026,3,9,700,37.24,126.02,310,9.0,MM,MM,MM,3.7,5.0,MM,1.0,0
2026,3,9,600,37.24,126.02,310,8.0,MM,MM,MM,3.9,5.0,MM,0.5,0
2026,3,9,500,37.24,126.02,320,8.0,MM,MM,MM,3.9,4.9,MM,0.5,0
2026,3,9,400,37.24,126.02,330,7.0,MM,MM,MM,3.6,4.9,MM,0.5,0
2026,3,9,300,37.24,126.02,330,6.0,MM,MM,MM,3.3,4.9,MM,0.5,0
2026,3,9,200,37.24,126.02,330,7.0,MM,MM,MM,3.2,4.9,MM,0.5,0
2026,3,9,100,37.24,126.02,330,6.0,MM,MM,MM,3.3,4.9,MM,0.5,0
2026,3,9,0,37.24,126.02,350,7.0,MM,MM,MM,3.3,4.9,MM,0.5,0
2026,3,8,2300,37.24,126.02,340,7.0,MM,MM,MM,3.5,4.9,MM,0.5,0
2026,3,8,2200,37.24,126.02,340,6.0,MM,MM,MM,3.6,4.9,MM,0.0,0
2026,3,8,2100,37.24,126.02,340,6.0,MM,MM,MM,3.9,4.9,MM,0.0,0
2026,3,8,2000,37.24,126.02,310,4.0,MM,MM,MM,4.2,4.9,MM,0.0,0
2026,3,8,1900,37.24,126.02,290,2.0,MM,MM,MM,4.0,4.8,MM,0.0,0
2026,3,8,1800,37.24,126.02,280,2.0,MM,MM,MM,3.9,4.9,MM,0.0,0
2026,3,8,1700,37.24,126.02,300,3.0,MM,MM,MM,4.0,4.9,MM,0.0,0
2026,3,8,1600,37.24,126.02,320,4.0,MM,MM,MM,3.9,4.9,MM,0.0,0
2026,3,8,1500,37.24,126.02,310,3.0,MM,MM,MM,3.9,4.9,MM,0.0,0
2026,3,8,1400,37.24,126.02,320,4.0,MM,MM,MM,3.8,4.9,MM,0.0,0
2026,3,8,1300,37.24,126.02,290,4.0,MM,MM,MM,3.5,4.9,MM,0.0,0
2026,3,8,1200,37.24,126.02,290,5.0,MM,MM,MM,3.3,4.9,MM,0.0,0
2026,3,8,1100,37.24,126.02,280,5.0,MM,MM,MM,3.1,4.9,MM,0.0,0
2026,3,8,1000,37.24,126.02,260,4.0,MM,MM,MM,2.8,4.9,MM,0.0,0
2026,3,8,900,37.24,126.02,270,5.0,MM,MM,MM,2.5,4.9,MM,0.0,0
2026,3,8,800,37.24,126.02,260,4.0,MM,MM,MM,2.4,4.9,MM,0.0,0
2026,3,8,700,37.24,126.02,270,3.0,MM,MM,MM,2.2,5.0,MM,0.0,0
2026,3,8,600,37.24,126.02,270,2.0,MM,MM,MM,2.0,5.0,MM,0.0,0
2026,3,8,500,37.24,126.02,300,1.0,MM,MM,MM,1.9,4.9,MM,0.0,0
2026,3,8,400,37.24,126.02,360,1.0,MM,MM,MM,1.6,4.9,MM,0.0,0
2026,3,8,300,37.24,126.02,360,2.0,MM,MM,MM,1.5,4.8,MM,0.0,0
2026,3,8,200,37.24,126.02,10,3.0,MM,MM,MM,1.3,4.9,MM,0.0,0
2026,3,8,100,37.24,126.02,30,3.0,MM,MM,MM,1.3,4.9,MM,0.0,0
2026,3,8,0,37.24,126.02,0,3.0,MM,MM,MM,0.9,4.9,MM,0.0,0
2026,3,7,2300,37.24,126.02,360,3.0,MM,MM,MM,0.8,4.8,MM,0.5,0
2026,3,7,2200,37.24,126.02,350,2.0,MM,MM,MM,0.6,4.9,MM,0.5,0
2026,3,7,2100,37.24,126.02,0,2.0,MM,MM,MM,0.7,4.9,MM,0.5,0
2026,3,7,2000,37.24,126.02,30,2.0,MM,MM,MM,0.7,4.8,MM,0.5,0
2026,3,7,1900,37.24,126.02,30,3.0,MM,MM,MM,0.6,4.8,MM,0.5,0
2026,3,7,1800,37.24,126.02,30,5.0,MM,MM,MM,0.8,4.8,MM,0.5,0
2026,3,7,1700,37.24,126.02,10,6.0,MM,MM,MM,0.8,4.8,MM,0.5,0
2026,3,7,1600,37.24,126.02,10,7.0,MM,MM,MM,0.6,4.8,MM,0.5,0
2026,3,7,1500,37.24,126.02,350,5.0,MM,MM,MM,0.6,4.9,MM,0.5,0
2026,3,7,1400,37.24,126.02,350,6.0,MM,MM,MM,0.9,4.9,MM,0.5,0
2026,3,7,1300,37.24,126.02,350,7.0,MM,MM,MM,1.2,4.9,MM,0.5,0
2026,3,7,1200,37.24,126.02,350,7.0,MM,MM,MM,1.6,4.9,MM,0.5,0
2026,3,7,1100,37.24,126.02,320,9.0,MM,MM,MM,1.7,4.9,MM,0.5,0
2026,3,7,1000,37.24,126.02,320,9.0,MM,MM,MM,1.7,4.9,MM,0.5,0
2026,3,7,900,37.24,126.02,320,9.0,MM,MM,MM,1.7,4.9,MM,1.0,0
2026,3,7,800,37.24,126.02,320,9.0,MM,MM,MM,1.7,4.9,MM,0.5,0
2026,3,7,700,37.24,126.02,320,8.0,MM,MM,MM,1.8,5.0,MM,0.5,0
2026,3,7,600,37.24,126.02,330,8.0,MM,MM,MM,1.5,4.9,MM,0.5,0
2026,3,7,500,37.24,126.02,320,7.0,MM,MM,MM,1.1,4.9,MM,0.5,0
2026,3,7,400,37.24,126.02,320,6.0,MM,MM,MM,0.5,4.9,MM,0.5,0
2026,3,7,300,37.24,126.02,340,6.0,MM,MM,MM,0.0,4.9,MM,0.5,0
2026,3,7,200,37.24,126.02,330,6.0,MM,MM,MM,-0.2,4.8,MM,0.5,0
2026,3,7,100,37.24,126.02,340,7.0,MM,MM,MM,-0.2,4.8,MM,0.5,0
2026,3,7,0,37.24,126.02,340,7.0,MM,MM,MM,-0.1,4.8,MM,0.5,0
2026,3,6,2300,37.24,126.02,340,6.0,MM,MM,MM,0.0,4.9,MM,0.5,0
2026,3,6,2200,37.24,126.02,340,8.0,MM,MM,MM,0.3,4.9,MM,0.5,0
2026,3,6,2100,37.24,126.02,340,6.0,MM,MM,MM,0.6,4.8,MM,0.5,0
2026,3,6,2000,37.24,126.02,340,7.0,MM,MM,MM,0.8,4.8,MM,0.5,0
2026,3,6,1900,37.24,126.02,340,8.0,MM,MM,MM,0.9,4.9,MM,1.0,0
2026,3,6,1800,37.24,126.02,340,8.0,MM,MM,MM,1.1,4.9,MM,0.5,0
2026,3,6,1700,37.24,126.02,330,8.0,MM,MM,MM,1.4,4.9,MM,1.0,0
2026,3,6,1600,37.24,126.02,330,7.0,MM,MM,MM,1.4,4.9,MM,0.5,0
2026,3,6,1500,37.24,126.02,330,7.0,MM,MM,MM,1.3,4.9,MM,0.5,0
2026,3,6,1400,37.24,126.02,330,7.0,MM,MM,MM,1.2,4.9,MM,0.5,0
2026,3,6,1300,37.24,126.02,340,7.0,MM,MM,MM,1.3,4.9,MM,1.0,0
2026,3,6,1200,37.24,126.02,330,8.0,MM,MM,MM,1.3,4.9,MM,1.0,0
2026,3,6,1100,37.24,126.02,320,10.0,MM,MM,MM,1.4,4.9,MM,1.0,0
2026,3,6,1000,37.24,126.02,320,10.0,MM,MM,MM,1.4,4.9,MM,1.0,0
2026,3,6,900,37.24,126.02,320,11.0,MM,MM,MM,1.5,4.9,MM,1.0,0
2026,3,6,800,37.24,126.02,310,11.0,MM,MM,MM,1.5,4.9,MM,1.0,0
2026,3,6,700,37.24,126.02,310,12.0,MM,MM,MM,1.6,4.9,MM,1.0,0
2026,3,6,600,37.24,126.02,310,12.0,MM,MM,MM,1.6,4.9,MM,1.0,0
2026,3,6,500,37.24,126.02,310,11.0,MM,MM,MM,1.7,4.9,MM,0.5,0
2026,3,6,400,37.24,126.02,320,10.0,MM,MM,MM,2.4,4.9,MM,0.5,0
2026,3,6,300,37.24,126.02,320,7.0,MM,MM,MM,2.9,4.8,MM,0.0,0
2026,3,6,200,37.24,126.02,300,4.0,MM,MM,MM,2.9,4.8,MM,0.0,0
2026,3,6,100,37.24,126.02,320,4.0,MM,MM,MM,3.0,4.9,MM,0.0,0
2026,3,6,0,37.24,126.02,330,5.0,MM,MM,MM,2.9,4.9,MM,0.0,0
2026,3,5,2300,37.24,126.02,340,6.0,MM,MM,MM,2.9,4.9,MM,0.0,0
2026,3,5,2200,37.24,126.02,330,5.0,MM,MM,MM,2.9,4.9,MM,0.0,0
2026,3,5,2100,37.24,126.02,320,4.0,MM,MM,MM,3.2,4.9,MM,0.0,0
2026,3,5,2000,37.24,126.02,300,4.0,MM,MM,MM,3.3,4.9,MM,0.0,0
2026,3,5,1900,37.24,126.02,270,4.0,MM,MM,MM,3.1,4.9,MM,0.0,0
2026,3,5,1800,37.24,126.02,280,4.0,MM,MM,MM,3.1,4.9,MM,0.0,0
2026,3,5,1700,37.24,126.02,290,4.0,MM,MM,MM,3.0,4.8,MM,0.0,0
2026,3,5,1600,37.24,126.02,290,3.0,MM,MM,MM,2.8,4.8,MM,0.0,0
2026,3,5,1500,37.24,126.02,290,4.0,MM,MM,MM,2.7,4.8,MM,0.0,0
2026,3,5,1400,37.24,126.02,320,3.0,MM,MM,MM,2.2,4.9,MM,0.0,0
2026,3,5,1300,37.24,126.02,30,1.0,MM,MM,MM,1.5,4.9,MM,0.0,0
2026,3,5,1200,37.24,126.02,330,5.0,MM,MM,MM,1.2,4.9,MM,0.0,0
2026,3,5,1100,37.24,126.02,330,8.0,MM,MM,MM,1.7,4.9,MM,0.0,0
2026,3,5,1000,37.24,126.02,300,4.0,MM,MM,MM,2.3,4.9,MM,0.0,0
2026,3,5,900,37.24,126.02,290,5.0,MM,MM,MM,3.9,4.9,MM,0.0,0
2026,3,5,800,37.24,126.02,320,4.0,MM,MM,MM,4.0,4.9,MM,0.0,0
2026,3,5,700,37.24,126.02,350,2.0,MM,MM,MM,4.1,4.9,MM,0.0,0
2026,3,5,600,37.24,126.02,30,0.0,MM,MM,MM,4.5,4.9,MM,0.0,0
2026,3,5,500,37.24,126.02,50,2.0,MM,MM,MM,4.2,5.0,MM,0.0,0
2026,3,5,400,37.24,126.02,260,0.0,MM,MM,MM,4.8,5.0,MM,0.0,0
2026,3,5,300,37.24,126.02,120,1.0,MM,MM,MM,4.5,4.8,MM,0.0,0
2026,3,5,200,37.24,126.02,70,2.0,MM,MM,MM,4.5,4.8,MM,0.0,0
2026,3,5,100,37.24,126.02,30,0.0,MM,MM,MM,4.9,4.8,MM,0.0,0
2026,3,5,0,37.24,126.02,130,0.0,MM,MM,MM,4.4,4.9,MM,0.0,0
2026,3,4,2300,37.24,126.02,80,3.0,MM,MM,MM,3.5,4.8,MM,0.0,0
2026,3,4,2200,37.24,126.02,20,3.0,MM,MM,MM,3.5,4.8,MM,0.0,0
2026,3,4,2100,37.24,126.02,60,1.0,MM,MM,MM,3.5,4.8,MM,0.0,0
2026,3,4,2000,37.24,126.02,40,2.0,MM,MM,MM,3.5,4.9,MM,0.0,0
2026,3,4,1900,37.24,126.02,50,3.0,MM,MM,MM,3.3,4.8,MM,0.0,0
2026,3,4,1800,37.24,126.02,20,5.0,MM,MM,MM,3.5,4.8,MM,0.0,0
2026,3,4,1700,37.24,126.02,10,4.0,MM,MM,MM,3.7,4.8,MM,0.0,0
2026,3,4,1600,37.24,126.02,10,4.0,MM,MM,MM,3.9,4.8,MM,0.0,0
2026,3,4,1500,37.24,126.02,350,5.0,MM,MM,MM,4.1,4.8,MM,0.0,0
2026,3,4,1400,37.24,126.02,350,3.0,MM,MM,MM,4.2,4.8,MM,0.0,0
2026,3,4,1300,37.24,126.02,330,2.0,MM,MM,MM,4.2,4.8,MM,0.0,0
2026,3,4,1200,37.24,126.02,310,3.0,MM,MM,MM,4.2,4.9,MM,0.0,0
2026,3,4,1100,37.24,126.02,300,4.0,MM,MM,MM,4.1,4.9,MM,0.0,0
2026,3,4,1000,37.24,126.02,260,4.0,MM,MM,MM,3.8,4.8,MM,0.0,0
2026,3,4,900,37.24,126.02,250,1.0,MM,MM,MM,3.9,4.8,MM,0.0,0
2026,3,4,800,37.24,126.02,280,4.0,MM,MM,MM,3.9,4.8,MM,0.0,0
2026,3,4,700,37.24,126.02,300,4.0,MM,MM,MM,4.0,4.8,MM,0.0,0
2026,3,4,600,37.24,126.02,290,4.0,MM,MM,MM,3.9,5.0,MM,0.0,0
2026,3,4,500,37.24,126.02,300,4.0,MM,MM,MM,3.8,5.0,MM,0.0,0
2026,3,4,400,37.24,126.02,320,3.0,MM,MM,MM,3.7,5.0,MM,0.0,0
2026,3,4,300,37.24,126.02,340,3.0,MM,MM,MM,3.8,4.8,MM,0.0,0
2026,3,4,200,37.24,126.02,10,3.0,MM,MM,MM,3.6,4.8,MM,0.0,0
2026,3,4,100,37.24,126.02,10,4.0,MM,MM,MM,3.5,4.7,MM,0.0,0
2026,3,4,0,37.24,126.02,10,3.0,MM,MM,MM,3.7,4.8,MM,0.0,0
2026,3,3,2300,37.24,126.02,340,2.0,MM,MM,MM,3.7,4.8,MM,0.0,0
2026,3,3,2200,37.24,126.02,30,4.0,MM,MM,MM,3.6,4.7,MM,0.0,0
2026,3,3,2100,37.24,126.02,20,4.0,MM,MM,MM,3.6,4.8,MM,0.0,0
2026,3,3,2000,37.24,126.02,10,4.0,MM,MM,MM,3.7,4.8,MM,0.0,0
2026,3,3,1900,37.24,126.02,360,4.0,MM,MM,MM,3.8,4.8,MM,0.0,0
2026,3,3,1800,37.24,126.02,350,3.0,MM,MM,MM,3.8,4.8,MM,0.0,0
2026,3,3,1700,37.24,126.02,0,3.0,MM,MM,MM,3.9,4.8,MM,0.0,0
2026,3,3,1600,37.24,126.02,50,1.0,MM,MM,MM,4.0,4.7,MM,0.0,0
2026,3,3,1500,37.24,126.02,50,4.0,MM,MM,MM,4.1,4.7,MM,0.0,0
2026,3,3,1400,37.24,126.02,20,5.0,MM,MM,MM,4.2,4.7,MM,0.0,0
2026,3,3,1300,37.24,126.02,0,5.0,MM,MM,MM,4.1,4.7,MM,0.0,0
2026,3,3,1200,37.24,126.02,350,5.0,MM,MM,MM,4.3,4.8,MM,0.0,0
2026,3,3,1100,37.24,126.02,330,7.0,MM,MM,MM,4.4,4.8,MM,0.0,0
2026,3,3,1000,37.24,126.02,320,7.0,MM,MM,MM,4.2,4.8,MM,0.0,0
2026,3,3,900,37.24,126.02,340,5.0,MM,MM,MM,4.7,4.7,MM,0.0,0
2026,3,3,800,37.24,126.02,340,4.0,MM,MM,MM,4.8,4.7,MM,0.0,0
2026,3,3,700,37.24,126.02,350,4.0,MM,MM,MM,4.9,4.7,MM,0.0,0
2026,3,3,600,37.24,126.02,0,3.0,MM,MM,MM,4.6,4.8,MM,0.0,0
2026,3,3,500,37.24,126.02,320,3.0,MM,MM,MM,4.5,4.8,MM,0.0,0
2026,3,3,400,37.24,126.02,40,8.0,MM,MM,MM,4.2,4.7,MM,0.0,0
2026,3,3,300,37.24,126.02,360,3.0,MM,MM,MM,3.9,4.8,MM,0.0,0
2026,3,3,200,37.24,126.02,60,6.0,MM,MM,MM,3.9,4.7,MM,0.0,0
2026,3,3,100,37.24,126.02,50,7.0,MM,MM,MM,3.6,4.7,MM,0.0,0
2026,3,3,0,37.24,126.02,60,10.0,MM,MM,MM,3.3,4.7,MM,0.0,0
2026,3,2,2300,37.24,126.02,60,9.0,MM,MM,MM,3.0,4.7,MM,0.5,0
2026,3,2,2200,37.24,126.02,60,9.0,MM,MM,MM,2.8,4.7,MM,0.5,0
2026,3,2,2100,37.24,126.02,50,8.0,MM,MM,MM,2.9,4.7,MM,0.5,0
2026,3,2,2000,37.24,126.02,50,8.0,MM,MM,MM,2.9,4.7,MM,0.5,0
2026,3,2,1900,37.24,126.02,50,9.0,MM,MM,MM,2.7,4.7,MM,0.5,0
2026,3,2,1800,37.24,126.02,50,8.0,MM,MM,MM,2.5,4.7,MM,0.5,0
2026,3,2,1700,37.24,126.02,50,8.0,MM,MM,MM,2.6,4.7,MM,0.5,0
2026,3,2,1600,37.24,126.02,60,8.0,MM,MM,MM,2.9,4.6,MM,0.5,0
2026,3,2,1500,37.24,126.02,60,8.0,MM,MM,MM,2.7,4.6,MM,0.5,0
2026,3,2,1400,37.24,126.02,50,9.0,MM,MM,MM,2.7,4.6,MM,0.5,0
2026,3,2,1300,37.24,126.02,70,9.0,MM,MM,MM,3.7,4.6,MM,0.0,0
2026,3,2,1200,37.24,126.02,70,10.0,MM,MM,MM,4.1,4.7,MM,0.0,0
2026,3,2,1100,37.24,126.02,60,9.0,MM,MM,MM,4.3,4.7,MM,0.0,0
2026,3,2,1000,37.24,126.02,70,8.0,MM,MM,MM,4.5,4.7,MM,0.0,0
2026,3,2,900,37.24,126.02,70,8.0,MM,MM,MM,4.5,4.7,MM,0.5,0
2026,3,2,800,37.24,126.02,70,9.0,MM,MM,MM,4.7,4.7,MM,0.5,0
2026,3,2,700,37.24,126.02,80,9.0,MM,MM,MM,4.6,4.7,MM,0.5,0
2026,3,2,600,37.24,126.02,80,9.0,MM,MM,MM,4.5,4.7,MM,0.5,0
2026,3,2,500,37.24,126.02,80,9.0,MM,MM,MM,4.5,4.6,MM,0.5,0
2026,3,2,400,37.24,126.02,70,8.0,MM,MM,MM,4.5,4.7,MM,0.5,0
2026,3,2,300,37.24,126.02,70,9.0,MM,MM,MM,4.3,4.6,MM,0.5,0
2026,3,2,200,37.24,126.02,70,9.0,MM,MM,MM,4.6,4.7,MM,0.5,0
2026,3,2,100,37.24,126.02,90,9.0,MM,MM,MM,5.2,4.6,MM,0.0,0
2026,3,2,0,37.24,126.02,90,10.0,MM,MM,MM,5.5,4.6,MM,0.0,0
2026,3,1,2300,37.24,126.02,90,8.0,MM,MM,MM,5.7,4.6,MM,0.0,0
2026,3,1,2200,37.24,126.02,80,8.0,MM,MM,MM,5.8,4.6,MM,0.0,0
2026,3,1,2100,37.24,126.02,60,6.0,MM,MM,MM,5.0,4.6,MM,0.0,0
2026,3,1,2000,37.24,126.02,60,7.0,MM,MM,MM,5.0,4.7,MM,0.5,0
2026,3,1,1900,37.24,126.02,60,7.0,MM,MM,MM,4.9,4.6,MM,0.0,0
2026,3,1,1800,37.24,126.02,80,8.0,MM,MM,MM,7.3,4.6,MM,0.0,0
2026,3,1,1700,37.24,126.02,80,6.0,MM,MM,MM,7.2,4.6,MM,0.0,0
2026,3,1,1600,37.24,126.02,100,5.0,MM,MM,MM,6.9,4.6,MM,0.0,0
2026,3,1,1500,37.24,126.02,70,4.0,MM,MM,MM,5.4,4.6,MM,0.0,0
2026,3,1,1400,37.24,126.02,80,5.0,MM,MM,MM,5.7,4.6,MM,0.0,0
2026,3,1,1300,37.24,126.02,70,5.0,MM,MM,MM,6.0,4.6,MM,0.0,0
2026,3,1,1200,37.24,126.02,60,6.0,MM,MM,MM,5.8,4.6,MM,0.0,0
2026,3,1,1100,37.24,126.02,40,6.0,MM,MM,MM,6.0,4.6,MM,0.0,0
2026,3,1,1000,37.24,126.02,70,5.0,MM,MM,MM,6.9,4.7,MM,0.0,0
2026,3,1,900,37.24,126.02,50,7.0,MM,MM,MM,6.1,4.7,MM,0.0,0
2026,3,1,800,37.24,126.02,30,4.0,MM,MM,MM,5.1,4.6,MM,0.0,0
2026,3,1,700,37.24,126.02,30,2.0,MM,MM,MM,4.8,4.6,MM,0.0,0
2026,3,1,600,37.24,126.02,20,3.0,MM,MM,MM,5.1,4.6,MM,0.0,0
2026,3,1,500,37.24,126.02,350,2.0,MM,MM,MM,5.3,4.6,MM,0.0,0
2026,3,1,400,37.24,126.02,350,1.0,MM,MM,MM,5.3,4.6,MM,0.0,0
2026,3,1,300,37.24,126.02,70,2.0,MM,MM,MM,6.3,4.6,MM,0.0,0
2026,3,1,200,37.24,126.02,110,4.0,MM,MM,MM,6.1,4.6,MM,0.0,0
2026,3,1,100,37.24,126.02,120,4.0,MM,MM,MM,5.9,4.6,MM,0.0,0
2026,3,1,0,37.24,126.02,120,6.0,MM,MM,MM,5.7,4.5,MM,0.0,0
2026,2,28,2300,37.24,126.02,130,5.0,MM,MM,MM,5.3,4.5,MM,0.0,0
2026,2,28,2200,37.24,126.02,130,7.0,MM,MM,MM,5.5,4.6,MM,0.0,0
2026,2,28,2100,37.24,126.02,130,8.0,MM,MM,MM,5.4,4.5,MM,0.0,0
2026,2,28,2000,37.24,126.02,130,8.0,MM,MM,MM,5.6,4.5,MM,0.0,0
2026,2,28,1900,37.24,126.02,130,8.0,MM,MM,MM,5.5,4.6,MM,0.0,0
2026,2,28,1800,37.24,126.02,120,6.0,MM,MM,MM,6.1,4.6,MM,0.0,0
2026,2,28,1700,37.24,126.02,10,1.0,MM,MM,MM,4.4,4.6,MM,0.0,0
2026,2,28,1600,37.24,126.02,350,2.0,MM,MM,MM,4.3,4.6,MM,0.0,0
2026,2,28,1500,37.24,126.02,300,2.0,MM,MM,MM,4.1,4.5,MM,0.0,0
2026,2,28,1400,37.24,126.02,120,2.0,MM,MM,MM,4.5,4.5,MM,0.0,0
2026,2,28,1300,37.24,126.02,40,1.0,MM,MM,MM,4.3,4.5,MM,0.0,0
2026,2,28,1200,37.24,126.02,20,0.0,MM,MM,MM,4.2,4.5,MM,0.0,0
2026,2,28,1100,37.24,126.02,0,1.0,MM,MM,MM,4.1,4.5,MM,0.0,0
2026,2,28,1000,37.24,126.02,330,2.0,MM,MM,MM,4.2,4.6,MM,0.0,0
2026,2,28,900,37.24,126.02,350,2.0,MM,MM,MM,4.3,4.6,MM,0.0,0
2026,2,28,800,37.24,126.02,20,2.0,MM,MM,MM,4.4,4.8,MM,0.0,0
2026,2,28,700,37.24,126.02,320,2.0,MM,MM,MM,4.6,4.7,MM,0.0,0
2026,2,28,600,37.24,126.02,290,2.0,MM,MM,MM,4.5,4.5,MM,0.0,0
2026,2,28,500,37.24,126.02,300,2.0,MM,MM,MM,4.6,4.6,MM,0.0,0
2026,2,28,400,37.24,126.02,330,0.0,MM,MM,MM,5.3,4.7,MM,0.0,0
2026,2,28,300,37.24,126.02,0,1.0,MM,MM,MM,5.3,4.5,MM,0.0,0
2026,2,28,200,37.24,126.02,40,2.0,MM,MM,MM,5.4,4.7,MM,0.0,0
2026,2,28,100,37.24,126.02,80,3.0,MM,MM,MM,5.2,4.5,MM,0.0,0
2026,2,28,0,37.24,126.02,60,5.0,MM,MM,MM,4.5,4.5,MM,0.0,0
2026,2,27,2300,37.24,126.02,40,4.0,MM,MM,MM,3.8,4.4,MM,0.0,0
2026,2,27,2200,37.24,126.02,40,3.0,MM,MM,MM,3.6,4.4,MM,0.0,0
2026,2,27,2100,37.24,126.02,30,3.0,MM,MM,MM,3.8,4.5,MM,0.0,0
2026,2,27,2000,37.24,126.02,30,3.0,MM,MM,MM,3.8,4.4,MM,0.0,0
2026,2,27,1900,37.24,126.02,10,3.0,MM,MM,MM,3.7,4.4,MM,0.0,0
2026,2,27,1800,37.24,126.02,10,2.0,MM,MM,MM,3.8,4.5,MM,0.0,0
2026,2,27,1700,37.24,126.02,350,2.0,MM,MM,MM,3.9,4.5,MM,0.0,0
2026,2,27,1600,37.24,126.02,0,2.0,MM,MM,MM,4.0,4.4,MM,0.0,0
2026,2,27,1500,37.24,126.02,70,1.0,MM,MM,MM,4.0,4.4,MM,0.0,0
2026,2,27,1400,37.24,126.02,350,4.0,MM,MM,MM,4.5,4.4,MM,0.0,0
2026,2,27,1300,37.24,126.02,340,5.0,MM,MM,MM,4.8,4.4,MM,0.5,0
2026,2,27,1200,37.24,126.02,340,7.0,MM,MM,MM,5.1,4.5,MM,0.0,0
2026,2,27,1100,37.24,126.02,340,8.0,MM,MM,MM,5.3,4.4,MM,0.0,0
2026,2,27,1000,37.24,126.02,330,6.0,MM,MM,MM,4.9,4.5,MM,0.0,0
2026,2,27,900,37.24,126.02,340,5.0,MM,MM,MM,5.6,4.5,MM,0.0,0
2026,2,27,800,37.24,126.02,340,4.0,MM,MM,MM,5.7,5.1,MM,0.0,0
2026,2,27,700,37.24,126.02,350,3.0,MM,MM,MM,5.4,4.7,MM,0.0,0
2026,2,27,600,37.24,126.02,20,2.0,MM,MM,MM,5.4,5.0,MM,0.0,0
2026,2,27,500,37.24,126.02,60,2.0,MM,MM,MM,5.1,4.5,MM,0.0,0
2026,2,27,400,37.24,126.02,70,4.0,MM,MM,MM,5.8,4.4,MM,0.0,0
2026,2,27,300,37.24,126.02,40,3.0,MM,MM,MM,4.6,4.4,MM,0.0,0
2026,2,27,200,37.24,126.02,50,4.0,MM,MM,MM,4.8,4.4,MM,0.0,0
2026,2,27,100,37.24,126.02,50,5.0,MM,MM,MM,4.5,4.4,MM,0.0,0
2026,2,27,0,37.24,126.02,40,5.0,MM,MM,MM,4.3,4.4,MM,0.0,0
2026,2,26,2300,37.24,126.02,40,5.0,MM,MM,MM,4.2,4.4,MM,0.0,0
2026,2,26,2200,37.24,126.02,40,2.0,MM,MM,MM,6.1,4.3,MM,0.0,0
2026,2,26,2100,37.24,126.02,120,6.0,MM,MM,MM,7.0,4.3,MM,0.0,0
2026,2,26,2000,37.24,126.02,100,6.0,MM,MM,MM,7.0,4.4,MM,0.0,0
2026,2,26,1900,37.24,126.02,70,6.0,MM,MM,MM,5.9,4.4,MM,0.0,0
2026,2,26,1800,37.24,126.02,90,2.0,MM,MM,MM,5.2,4.4,MM,0.0,0
2026,2,26,1700,37.24,126.02,50,4.0,MM,MM,MM,4.7,4.4,MM,0.0,0
2026,2,26,1600,37.24,126.02,20,4.0,MM,MM,MM,4.6,4.4,MM,0.0,0
2026,2,26,1500,37.24,126.02,50,5.0,MM,MM,MM,5.5,4.4,MM,0.0,0
2026,2,26,1400,37.24,126.02,20,4.0,MM,MM,MM,4.6,4.4,MM,0.0,0
2026,2,26,1300,37.24,126.02,20,3.0,MM,MM,MM,4.7,4.3,MM,0.0,0
2026,2,26,1200,37.24,126.02,40,2.0,MM,MM,MM,4.4,4.3,MM,0.0,0
2026,2,26,1100,37.24,126.02,30,2.0,MM,MM,MM,4.2,4.3,MM,0.0,0
2026,2,26,1000,37.24,126.02,20,4.0,MM,MM,MM,4.1,4.3,MM,0.0,0
2026,2,26,900,37.24,126.02,20,4.0,MM,MM,MM,4.2,4.3,MM,0.0,0
2026,2,26,800,37.24,126.02,10,4.0,MM,MM,MM,4.0,4.3,MM,0.0,0
2026,2,26,700,37.24,126.02,20,2.0,MM,MM,MM,3.9,4.4,MM,0.0,0
2026,2,26,600,37.24,126.02,360,3.0,MM,MM,MM,4.1,4.9,MM,0.0,0
2026,2,26,500,37.24,126.02,360,0.0,MM,MM,MM,5.5,4.9,MM,0.0,0
2026,2,26,400,37.24,126.02,160,3.0,MM,MM,MM,5.5,4.6,MM,0.0,0
2026,2,26,300,37.24,126.02,90,1.0,MM,MM,MM,4.8,4.4,MM,0.0,0
2026,2,26,200,37.24,126.02,140,4.0,MM,MM,MM,4.7,4.4,MM,0.0,0
2026,2,26,100,37.24,126.02,160,3.0,MM,MM,MM,4.4,4.4,MM,0.0,0
2026,2,26,0,37.24,126.02,140,5.0,MM,MM,MM,4.5,4.4,MM,0.0,0
2026,2,25,2300,37.24,126.02,130,6.0,MM,MM,MM,4.8,4.3,MM,0.0,0
2026,2,25,2200,37.24,126.02,140,5.0,MM,MM,MM,4.4,4.3,MM,0.0,0
2026,2,25,2100,37.24,126.02,130,6.0,MM,MM,MM,5.0,4.3,MM,0.0,0
2026,2,25,2000,37.24,126.02,120,5.0,MM,MM,MM,5.3,4.3,MM,0.0,0
2026,2,25,1900,37.24,126.02,120,4.0,MM,MM,MM,5.7,4.3,MM,0.0,0
2026,2,25,1800,37.24,126.02,130,5.0,MM,MM,MM,5.2,4.3,MM,0.0,0
2026,2,25,1700,37.24,126.02,130,6.0,MM,MM,MM,5.9,4.3,MM,0.0,0
2026,2,25,1600,37.24,126.02,110,2.0,MM,MM,MM,5.5,4.3,MM,0.0,0
2026,2,25,1500,37.24,126.02,50,1.0,MM,MM,MM,4.8,4.3,MM,0.0,0
2026,2,25,1400,37.24,126.02,140,1.0,MM,MM,MM,4.6,4.4,MM,0.0,0
2026,2,25,1300,37.24,126.02,30,2.0,MM,MM,MM,6.2,4.4,MM,0.0,0
2026,2,25,1200,37.24,126.02,310,2.0,MM,MM,MM,4.5,4.3,MM,0.0,0
2026,2,25,1100,37.24,126.02,190,0.0,MM,MM,MM,4.2,4.3,MM,0.0,0
2026,2,25,1000,37.24,126.02,290,1.0,MM,MM,MM,4.5,4.3,MM,0.0,0
2026,2,25,900,37.24,126.02,350,2.0,MM,MM,MM,4.3,4.3,MM,0.0,0
2026,2,25,800,37.24,126.02,0,2.0,MM,MM,MM,4.2,4.3,MM,0.0,0
2026,2,25,700,37.24,126.02,20,4.0,MM,MM,MM,3.9,4.3,MM,0.0,0
2026,2,25,600,37.24,126.02,30,4.0,MM,MM,MM,3.7,4.3,MM,0.0,0
2026,2,25,500,37.24,126.02,40,4.0,MM,MM,MM,3.7,4.5,MM,0.0,0
2026,2,25,400,37.24,126.02,40,3.0,MM,MM,MM,3.5,4.6,MM,0.0,0
2026,2,25,300,37.24,126.02,40,3.0,MM,MM,MM,3.3,4.7,MM,0.0,0
2026,2,25,200,37.24,126.02,60,2.0,MM,MM,MM,3.6,4.5,MM,0.0,0
2026,2,25,100,37.24,126.02,70,3.0,MM,MM,MM,3.1,4.3,MM,0.0,0
2026,2,25,0,37.24,126.02,70,4.0,MM,MM,MM,3.2,4.3,MM,0.0,0
2026,2,24,2300,37.24,126.02,50,3.0,MM,MM,MM,2.9,4.3,MM,0.0,0
2026,2,24,2200,37.24,126.02,30,4.0,MM,MM,MM,2.6,4.2,MM,0.5,0
2026,2,24,2100,37.24,126.02,50,6.0,MM,MM,MM,2.7,4.2,MM,0.5,0
2026,2,24,2000,37.24,126.02,30,6.0,MM,MM,MM,2.6,4.2,MM,0.0,0
2026,2,24,1900,37.24,126.02,30,5.0,MM,MM,MM,2.8,4.3,MM,0.0,0
2026,2,24,1800,37.24,126.02,30,6.0,MM,MM,MM,3.0,4.3,MM,0.0,0
2026,2,24,1700,37.24,126.02,20,6.0,MM,MM,MM,2.9,4.3,MM,0.0,0
2026,2,24,1600,37.24,126.02,20,4.0,MM,MM,MM,3.1,4.3,MM,0.0,0
2026,2,24,1500,37.24,126.02,30,3.0,MM,MM,MM,3.4,4.3,MM,0.0,0
2026,2,24,1400,37.24,126.02,30,3.0,MM,MM,MM,3.3,4.3,MM,0.0,0
2026,2,24,1300,37.24,126.02,20,4.0,MM,MM,MM,3.3,4.3,MM,0.0,0
2026,2,24,1200,37.24,126.02,10,4.0,MM,MM,MM,3.3,4.3,MM,0.0,0
2026,2,24,1100,37.24,126.02,20,3.0,MM,MM,MM,3.3,4.3,MM,0.0,0
2026,2,24,1000,37.24,126.02,10,4.0,MM,MM,MM,3.2,4.3,MM,0.0,0
2026,2,24,900,37.24,126.02,20,4.0,MM,MM,MM,2.8,4.3,MM,0.0,0
2026,2,24,800,37.24,126.02,40,4.0,MM,MM,MM,2.7,4.3,MM,0.0,0
2026,2,24,700,37.24,126.02,40,4.0,MM,MM,MM,2.6,4.3,MM,0.0,0
2026,2,24,600,37.24,126.02,50,5.0,MM,MM,MM,2.3,4.3,MM,0.0,0
2026,2,24,500,37.24,126.02,60,5.0,MM,MM,MM,1.9,4.3,MM,0.0,0
2026,2,24,400,37.24,126.02,30,5.0,MM,MM,MM,1.9,4.3,MM,0.0,0
2026,2,24,300,37.24,126.02,20,7.0,MM,MM,MM,2.4,4.3,MM,0.0,0
2026,2,24,200,37.24,126.02,60,4.0,MM,MM,MM,2.3,4.3,MM,0.0,0
2026,2,24,100,37.24,126.02,20,4.0,MM,MM,MM,2.0,4.3,MM,0.0,0
2026,2,24,0,37.24,126.02,10,3.0,MM,MM,MM,1.7,4.3,MM,0.0,0
2026,2,23,2300,37.24,126.02,80,2.0,MM,MM,MM,1.2,4.3,MM,0.0,0
2026,2,23,2200,37.24,126.02,140,4.0,MM,MM,MM,1.1,4.2,MM,0.0,0
2026,2,23,2100,37.24,126.02,70,4.0,MM,MM,MM,1.7,4.3,MM,0.0,0
2026,2,23,2000,37.24,126.02,60,4.0,MM,MM,MM,1.8,4.2,MM,0.0,0
2026,2,23,1900,37.24,126.02,70,6.0,MM,MM,MM,1.7,4.2,MM,0.0,0
2026,2,23,1800,37.24,126.02,50,6.0,MM,MM,MM,1.7,4.2,MM,0.0,0
2026,2,23,1700,37.24,126.02,30,7.0,MM,MM,MM,2.0,4.3,MM,0.0,0
2026,2,23,1600,37.24,126.02,30,6.0,MM,MM,MM,2.3,4.3,MM,0.0,0
2026,2,23,1500,37.24,126.02,350,4.0,MM,MM,MM,2.5,4.3,MM,0.0,0
2026,2,23,1400,37.24,126.02,320,3.0,MM,MM,MM,2.3,4.3,MM,0.0,0
2026,2,23,1300,37.24,126.02,290,1.0,MM,MM,MM,2.0,4.3,MM,0.0,0
2026,2,23,1200,37.24,126.02,320,2.0,MM,MM,MM,1.8,4.3,MM,0.5,0
2026,2,23,1100,37.24,126.02,300,2.0,MM,MM,MM,1.7,4.3,MM,0.5,0
2026,2,23,1000,37.24,126.02,320,3.0,MM,MM,MM,1.6,4.3,MM,0.5,0
2026,2,23,900,37.24,126.02,270,2.0,MM,MM,MM,1.3,4.3,MM,0.5,0
2026,2,23,800,37.24,126.02,300,3.0,MM,MM,MM,1.3,4.3,MM,0.5,0
2026,2,23,700,37.24,126.02,280,1.0,MM,MM,MM,1.2,4.3,MM,0.5,0
2026,2,23,600,37.24,126.02,350,3.0,MM,MM,MM,1.1,4.3,MM,0.5,0
2026,2,23,500,37.24,126.02,350,4.0,MM,MM,MM,1.1,4.3,MM,0.5,0
2026,2,23,400,37.24,126.02,10,4.0,MM,MM,MM,0.9,4.3,MM,0.5,0
2026,2,23,300,37.24,126.02,0,4.0,MM,MM,MM,0.9,4.3,MM,0.5,0
2026,2,23,200,37.24,126.02,20,7.0,MM,MM,MM,0.9,4.2,MM,0.5,0
2026,2,23,100,37.24,126.02,20,8.0,MM,MM,MM,1.1,4.3,MM,0.5,0
2026,2,23,0,37.24,126.02,10,8.0,MM,MM,MM,1.9,4.3,MM,0.5,0
2026,2,22,2300,37.24,126.02,270,4.0,MM,MM,MM,2.9,4.3,MM,0.5,0
2026,2,22,2200,37.24,126.02,250,5.0,MM,MM,MM,2.7,4.3,MM,0.5,0
2026,2,22,2100,37.24,126.02,250,5.0,MM,MM,MM,2.7,4.2,MM,0.5,0
2026,2,22,2000,37.24,126.02,230,3.0,MM,MM,MM,2.4,4.2,MM,0.5,0
2026,2,22,1900,37.24,126.02,260,2.0,MM,MM,MM,2.5,4.2,MM,0.5,0
2026,2,22,1800,37.24,126.02,300,2.0,MM,MM,MM,2.5,4.2,MM,0.5,0
2026,2,22,1700,37.24,126.02,320,4.0,MM,MM,MM,2.6,4.3,MM,0.5,0
2026,2,22,1600,37.24,126.02,330,6.0,MM,MM,MM,2.7,4.2,MM,0.5,0
2026,2,22,1500,37.24,126.02,330,7.0,MM,MM,MM,2.8,4.2,MM,0.5,0
2026,2,22,1400,37.24,126.02,330,8.0,MM,MM,MM,3.1,4.3,MM,0.5,0
2026,2,22,1300,37.24,126.02,340,8.0,MM,MM,MM,3.3,4.3,MM,0.5,0
2026,2,22,1200,37.24,126.02,310,7.0,MM,MM,MM,3.4,4.3,MM,1.0,0
2026,2,22,1100,37.24,126.02,310,8.0,MM,MM,MM,3.4,4.3,MM,1.0,0
2026,2,22,1000,37.24,126.02,320,10.0,MM,MM,MM,3.3,4.3,MM,1.0,0
2026,2,22,900,37.24,126.02,310,10.0,MM,MM,MM,3.3,4.2,MM,1.0,0
2026,2,22,700,37.24,126.02,310,12.0,MM,MM,MM,3.3,4.2,MM,1.0,0
2026,2,22,600,37.24,126.02,310,13.0,MM,MM,MM,3.7,4.2,MM,1.0,0
2026,2,22,500,37.24,126.02,300,12.0,MM,MM,MM,3.9,4.2,MM,0.5,0
2026,2,22,400,37.24,126.02,300,10.0,MM,MM,MM,4.3,4.2,MM,0.5,0
2026,2,22,300,37.24,126.02,300,9.0,MM,MM,MM,4.4,4.2,MM,0.5,0
2026,2,22,200,37.24,126.02,280,6.0,MM,MM,MM,4.8,4.3,MM,0.5,0
2026,2,22,100,37.24,126.02,290,6.0,MM,MM,MM,5.0,4.2,MM,0.5,0
2026,2,22,0,37.24,126.02,250,7.0,MM,MM,MM,5.1,4.3,MM,0.5,0
2026,2,21,2300,37.24,126.02,220,11.0,MM,MM,MM,6.4,4.3,MM,0.5,0
2026,2,21,2200,37.24,126.02,210,10.0,MM,MM,MM,5.9,4.2,MM,0.5,0
2026,2,21,2100,37.24,126.02,200,11.0,MM,MM,MM,6.3,4.2,MM,0.5,0
2026,2,21,2000,37.24,126.02,210,12.0,MM,MM,MM,7.1,4.2,MM,0.5,0
2026,2,21,1900,37.24,126.02,210,12.0,MM,MM,MM,7.4,4.1,MM,1.0,0
2026,2,21,1800,37.24,126.02,200,12.0,MM,MM,MM,8.5,4.1,MM,1.0,0
2026,2,21,1700,37.24,126.02,190,9.0,MM,MM,MM,7.0,4.2,MM,1.0,0
2026,2,21,1600,37.24,126.02,200,13.0,MM,MM,MM,8.2,4.1,MM,1.0,0
2026,2,21,1500,37.24,126.02,210,11.0,MM,MM,MM,7.5,4.1,MM,1.0,0
2026,2,21,1400,37.24,126.02,210,10.0,MM,MM,MM,7.6,4.2,MM,1.0,0
2026,2,21,1300,37.24,126.02,200,10.0,MM,MM,MM,8.0,4.2,MM,1.0,0
2026,2,21,1200,37.24,126.02,190,11.0,MM,MM,MM,7.8,4.2,MM,1.0,0
2026,2,21,1100,37.24,126.02,200,12.0,MM,MM,MM,8.2,4.2,MM,1.0,0
2026,2,21,1000,37.24,126.02,190,12.0,MM,MM,MM,7.6,4.2,MM,1.0,0
2026,2,21,900,37.24,126.02,190,11.0,MM,MM,MM,7.7,4.1,MM,0.5,0
2026,2,21,800,37.24,126.02,190,13.0,MM,MM,MM,8.3,4.1,MM,0.5,0
2026,2,21,700,37.24,126.02,190,11.0,MM,MM,MM,7.8,4.1,MM,0.5,0
2026,2,21,600,37.24,126.02,190,11.0,MM,MM,MM,7.6,4.0,MM,1.0,0
2026,2,21,500,37.24,126.02,190,11.0,MM,MM,MM,7.0,4.0,MM,0.5,0
2026,2,21,400,37.24,126.02,190,12.0,MM,MM,MM,6.8,4.0,MM,0.5,0
2026,2,21,300,37.24,126.02,190,11.0,MM,MM,MM,6.6,4.0,MM,0.5,0
2026,2,21,200,37.24,126.02,190,10.0,MM,MM,MM,6.3,4.0,MM,0.5,0
2026,2,21,100,37.24,126.02,180,10.0,MM,MM,MM,6.1,4.1,MM,0.5,0
2026,2,21,0,37.24,126.02,180,10.0,MM,MM,MM,5.9,4.0,MM,0.5,0
2026,2,20,2300,37.24,126.02,180,11.0,MM,MM,MM,5.7,4.0,MM,0.5,0
2026,2,20,2200,37.24,126.02,190,11.0,MM,MM,MM,5.6,4.0,MM,0.5,0
2026,2,20,2100,37.24,126.02,190,11.0,MM,MM,MM,5.6,4.0,MM,0.5,0
2026,2,20,2000,37.24,126.02,190,10.0,MM,MM,MM,5.3,4.0,MM,0.5,0
2026,2,20,1900,37.24,126.02,190,9.0,MM,MM,MM,5.7,4.0,MM,0.5,0
2026,2,20,1800,37.24,126.02,190,9.0,MM,MM,MM,5.3,3.9,MM,0.5,0
2026,2,20,1700,37.24,126.02,190,8.0,MM,MM,MM,5.2,3.9,MM,0.5,0
2026,2,20,1600,37.24,126.02,200,8.0,MM,MM,MM,5.4,3.9,MM,0.5,0
2026,2,20,1500,37.24,126.02,190,8.0,MM,MM,MM,5.4,3.9,MM,0.5,0
2026,2,20,1400,37.24,126.02,190,7.0,MM,MM,MM,5.3,4.0,MM,0.5,0
2026,2,20,1300,37.24,126.02,170,7.0,MM,MM,MM,5.3,4.0,MM,0.5,0
2026,2,20,1200,37.24,126.02,180,7.0,MM,MM,MM,5.0,3.9,MM,0.5,0
2026,2,20,1100,37.24,126.02,190,6.0,MM,MM,MM,4.7,4.0,MM,0.5,0
2026,2,20,1000,37.24,126.02,190,8.0,MM,MM,MM,4.7,4.0,MM,0.5,0
2026,2,20,900,37.24,126.02,190,8.0,MM,MM,MM,4.9,4.0,MM,0.5,0
2026,2,20,800,37.24,126.02,190,8.0,MM,MM,MM,4.9,3.9,MM,0.5,0
2026,2,20,700,37.24,126.02,200,8.0,MM,MM,MM,5.5,4.0,MM,0.5,0
2026,2,20,600,37.24,126.02,210,9.0,MM,MM,MM,5.1,4.0,MM,0.5,0
2026,2,20,500,37.24,126.02,190,5.0,MM,MM,MM,4.6,4.0,MM,0.5,0
2026,2,20,400,37.24,126.02,170,5.0,MM,MM,MM,4.3,3.9,MM,0.5,0
2026,2,20,300,37.24,126.02,170,7.0,MM,MM,MM,4.8,3.8,MM,0.5,0
2026,2,20,200,37.24,126.02,170,7.0,MM,MM,MM,4.8,3.8,MM,0.5,0
2026,2,20,100,37.24,126.02,180,7.0,MM,MM,MM,4.4,3.9,MM,0.5,0
2026,2,20,0,37.24,126.02,170,7.0,MM,MM,MM,4.0,3.9,MM,0.5,0
2026,2,19,2300,37.24,126.02,170,8.0,MM,MM,MM,3.8,3.9,MM,0.5,0
2026,2,19,2200,37.24,126.02,170,8.0,MM,MM,MM,3.5,3.9,MM,0.5,0
2026,2,19,2100,37.24,126.02,180,8.0,MM,MM,MM,3.5,3.9,MM,0.5,0
2026,2,19,2000,37.24,126.02,170,7.0,MM,MM,MM,3.3,3.9,MM,0.0,0
2026,2,19,1900,37.24,126.02,170,6.0,MM,MM,MM,2.7,3.9,MM,0.0,0
2026,2,19,1800,37.24,126.02,160,7.0,MM,MM,MM,2.5,3.8,MM,0.0,0
2026,2,19,1700,37.24,126.02,160,6.0,MM,MM,MM,2.9,3.8,MM,0.0,0
2026,2,19,1600,37.24,126.02,150,5.0,MM,MM,MM,2.7,3.8,MM,0.0,0
2026,2,19,1500,37.24,126.02,160,5.0,MM,MM,MM,3.0,3.8,MM,0.0,0
2026,2,19,1400,37.24,126.02,160,4.0,MM,MM,MM,3.0,3.9,MM,0.0,0
2026,2,19,1300,37.24,126.02,180,4.0,MM,MM,MM,3.1,3.9,MM,0.0,0
2026,2,19,1200,37.24,126.02,180,3.0,MM,MM,MM,3.1,3.9,MM,0.0,0
2026,2,19,1100,37.24,126.02,180,4.0,MM,MM,MM,3.2,3.9,MM,0.0,0
2026,2,19,1000,37.24,126.02,200,5.0,MM,MM,MM,3.2,4.0,MM,0.0,0
2026,2,19,900,37.24,126.02,190,4.0,MM,MM,MM,3.1,3.9,MM,0.0,0
2026,2,19,800,37.24,126.02,180,5.0,MM,MM,MM,2.9,3.9,MM,0.0,0
2026,2,19,700,37.24,126.02,180,4.0,MM,MM,MM,3.1,4.0,MM,0.0,0
2026,2,19,600,37.24,126.02,190,4.0,MM,MM,MM,2.7,3.9,MM,0.0,0
2026,2,19,500,37.24,126.02,200,5.0,MM,MM,MM,2.4,3.9,MM,0.0,0
2026,2,19,400,37.24,126.02,200,4.0,MM,MM,MM,2.1,3.9,MM,0.0,0
2026,2,19,300,37.24,126.02,220,4.0,MM,MM,MM,1.9,3.8,MM,0.0,0
2026,2,19,200,37.24,126.02,220,4.0,MM,MM,MM,1.7,3.8,MM,0.0,0
2026,2,19,100,37.24,126.02,190,3.0,MM,MM,MM,1.8,3.8,MM,0.0,0
2026,2,19,0,37.24,126.02,180,2.0,MM,MM,MM,2.1,3.9,MM,0.0,0
2026,2,18,2300,37.24,126.02,290,1.0,MM,MM,MM,1.0,3.8,MM,0.0,0
2026,2,18,2200,37.24,126.02,320,1.0,MM,MM,MM,0.7,3.9,MM,0.5,0
2026,2,18,2100,37.24,126.02,290,1.0,MM,MM,MM,0.8,3.9,MM,0.5,0
2026,2,18,2000,37.24,126.02,330,1.0,MM,MM,MM,0.7,3.9,MM,0.5,0
2026,2,18,1900,37.24,126.02,350,2.0,MM,MM,MM,0.8,3.8,MM,0.5,0
2026,2,18,1800,37.24,126.02,0,3.0,MM,MM,MM,1.0,3.8,MM,0.5,0
2026,2,18,1700,37.24,126.02,340,4.0,MM,MM,MM,1.0,3.7,MM,0.5,0
2026,2,18,1600,37.24,126.02,320,4.0,MM,MM,MM,1.1,3.7,MM,0.5,0
2026,2,18,1500,37.24,126.02,330,5.0,MM,MM,MM,1.2,3.8,MM,0.5,0
2026,2,18,1400,37.24,126.02,320,5.0,MM,MM,MM,1.3,3.8,MM,0.5,0
2026,2,18,1300,37.24,126.02,330,5.0,MM,MM,MM,1.5,3.8,MM,0.5,0
2026,2,18,1200,37.24,126.02,330,7.0,MM,MM,MM,1.5,3.9,MM,0.5,0
2026,2,18,1100,37.24,126.02,320,8.0,MM,MM,MM,1.6,3.9,MM,0.5,0
2026,2,18,1000,37.24,126.02,310,8.0,MM,MM,MM,1.7,3.9,MM,0.5,0
2026,2,18,900,37.24,126.02,310,10.0,MM,MM,MM,1.7,3.9,MM,1.0,0
2026,2,18,800,37.24,126.02,300,9.0,MM,MM,MM,1.9,3.9,MM,0.5,0
2026,2,18,700,37.24,126.02,300,10.0,MM,MM,MM,2.0,3.9,MM,0.5,0
2026,2,18,600,37.24,126.02,300,9.0,MM,MM,MM,2.2,3.9,MM,0.5,0
2026,2,18,500,37.24,126.02,300,6.0,MM,MM,MM,2.5,3.9,MM,0.5,0
2026,2,18,400,37.24,126.02,330,7.0,MM,MM,MM,2.5,3.8,MM,0.5,0
2026,2,18,300,37.24,126.02,320,6.0,MM,MM,MM,2.5,3.8,MM,0.5,0
2026,2,18,200,37.24,126.02,340,6.0,MM,MM,MM,2.6,3.7,MM,0.5,0
2026,2,18,100,37.24,126.02,360,6.0,MM,MM,MM,2.8,3.7,MM,0.5,0
2026,2,18,0,37.24,126.02,360,6.0,MM,MM,MM,3.1,3.8,MM,0.5,0
2026,2,17,2300,37.24,126.02,350,5.0,MM,MM,MM,3.2,3.8,MM,0.5,0
2026,2,17,2200,37.24,126.02,330,7.0,MM,MM,MM,3.5,3.9,MM,0.5,0
2026,2,17,2100,37.24,126.02,300,7.0,MM,MM,MM,4.0,3.9,MM,0.5,0
2026,2,17,2000,37.24,126.02,270,6.0,MM,MM,MM,3.5,3.9,MM,0.5,0
2026,2,17,1900,37.24,126.02,270,7.0,MM,MM,MM,3.5,3.8,MM,0.5,0
2026,2,17,1800,37.24,126.02,250,7.0,MM,MM,MM,3.6,3.8,MM,0.5,0
2026,2,17,1700,37.24,126.02,250,7.0,MM,MM,MM,3.6,3.8,MM,0.5,0
2026,2,17,1600,37.24,126.02,240,6.0,MM,MM,MM,3.3,3.7,MM,0.5,0
2026,2,17,1500,37.24,126.02,250,5.0,MM,MM,MM,3.2,3.7,MM,0.0,0
2026,2,17,1400,37.24,126.02,250,5.0,MM,MM,MM,3.1,3.7,MM,0.0,0
2026,2,17,1300,37.24,126.02,240,4.0,MM,MM,MM,3.0,3.8,MM,0.0,0
2026,2,17,1200,37.24,126.02,260,4.0,MM,MM,MM,2.9,3.8,MM,0.0,0
2026,2,17,1100,37.24,126.02,260,5.0,MM,MM,MM,2.9,3.9,MM,0.5,0
2026,2,17,1000,37.24,126.02,220,3.0,MM,MM,MM,2.7,3.9,MM,0.5,0
2026,2,17,900,37.24,126.02,250,4.0,MM,MM,MM,2.8,3.9,MM,0.5,0
2026,2,17,800,37.24,126.02,250,5.0,MM,MM,MM,2.7,3.9,MM,0.5,0
2026,2,17,700,37.24,126.02,240,5.0,MM,MM,MM,2.5,3.9,MM,0.0,0
2026,2,17,600,37.24,126.02,250,5.0,MM,MM,MM,2.1,3.9,MM,0.0,0
2026,2,17,500,37.24,126.02,240,4.0,MM,MM,MM,1.9,3.8,MM,0.0,0
2026,2,17,400,37.24,126.02,260,2.0,MM,MM,MM,1.7,4.2,MM,0.5,0
2026,2,17,300,37.24,126.02,260,1.0,MM,MM,MM,1.7,4.0,MM,0.0,0
2026,2,17,200,37.24,126.02,340,1.0,MM,MM,MM,1.4,3.8,MM,0.0,0
2026,2,17,100,37.24,126.02,10,1.0,MM,MM,MM,1.5,3.7,MM,0.0,0
2026,2,17,0,37.24,126.02,0,2.0,MM,MM,MM,1.3,3.7,MM,0.5,0
2026,2,16,2300,37.24,126.02,350,4.0,MM,MM,MM,1.3,3.8,MM,0.5,0
2026,2,16,2200,37.24,126.02,340,5.0,MM,MM,MM,1.0,3.8,MM,0.5,0
2026,2,16,2100,37.24,126.02,340,5.0,MM,MM,MM,0.9,3.8,MM,0.5,0
2026,2,16,2000,37.24,126.02,330,5.0,MM,MM,MM,0.6,3.8,MM,0.5,0
2026,2,16,1900,37.24,126.02,330,5.0,MM,MM,MM,0.5,3.8,MM,0.5,0
2026,2,16,1800,37.24,126.02,330,5.0,MM,MM,MM,0.5,3.8,MM,0.5,0
2026,2,16,1700,37.24,126.02,340,5.0,MM,MM,MM,0.6,3.8,MM,0.5,0
2026,2,16,1600,37.24,126.02,350,5.0,MM,MM,MM,0.6,3.7,MM,0.5,0
2026,2,16,1500,37.24,126.02,10,7.0,MM,MM,MM,0.6,3.7,MM,0.5,0
2026,2,16,1400,37.24,126.02,360,7.0,MM,MM,MM,0.9,3.7,MM,0.5,0
2026,2,16,1300,37.24,126.02,350,7.0,MM,MM,MM,1.3,3.7,MM,0.5,0
2026,2,16,1200,37.24,126.02,350,8.0,MM,MM,MM,1.9,3.8,MM,0.5,0
2026,2,16,1100,37.24,126.02,340,7.0,MM,MM,MM,2.3,3.8,MM,0.5,0
2026,2,16,1000,37.24,126.02,330,8.0,MM,MM,MM,2.1,3.8,MM,0.5,0
2026,2,16,900,37.24,126.02,330,6.0,MM,MM,MM,2.0,3.9,MM,0.5,0
2026,2,16,800,37.24,126.02,320,5.0,MM,MM,MM,1.9,3.9,MM,0.5,0
2026,2,16,700,37.24,126.02,340,7.0,MM,MM,MM,2.0,3.9,MM,0.5,0
2026,2,16,600,37.24,126.02,350,8.0,MM,MM,MM,1.4,3.8,MM,0.5,0
2026,2,16,500,37.24,126.02,350,7.0,MM,MM,MM,0.9,3.8,MM,0.5,0
2026,2,16,400,37.24,126.02,360,8.0,MM,MM,MM,0.0,3.8,MM,0.5,0
2026,2,16,300,37.24,126.02,360,6.0,MM,MM,MM,-0.4,3.8,MM,0.5,0
2026,2,16,200,37.24,126.02,10,9.0,MM,MM,MM,-0.6,3.8,MM,0.5,0
2026,2,16,100,37.24,126.02,10,8.0,MM,MM,MM,-0.5,3.8,MM,0.5,0
2026,2,16,0,37.24,126.02,350,8.0,MM,MM,MM,-0.5,3.7,MM,0.5,0
2026,2,15,2300,37.24,126.02,360,10.0,MM,MM,MM,-0.2,3.7,MM,0.5,0
2026,2,15,2200,37.24,126.02,350,10.0,MM,MM,MM,-0.2,3.7,MM,0.5,0
2026,2,15,2100,37.24,126.02,360,10.0,MM,MM,MM,0.1,3.7,MM,0.5,0
2026,2,15,2000,37.24,126.02,0,9.0,MM,MM,MM,0.3,3.8,MM,0.5,0
2026,2,15,1900,37.24,126.02,0,8.0,MM,MM,MM,0.5,3.8,MM,0.5,0
2026,2,15,1800,37.24,126.02,350,8.0,MM,MM,MM,0.7,3.8,MM,0.5,0
2026,2,15,1700,37.24,126.02,350,9.0,MM,MM,MM,1.0,3.8,MM,1.0,0
2026,2,15,1600,37.24,126.02,350,9.0,MM,MM,MM,1.0,3.7,MM,1.0,0
2026,2,15,1500,37.24,126.02,350,9.0,MM,MM,MM,1.2,3.7,MM,1.0,0
2026,2,15,1400,37.24,126.02,350,10.0,MM,MM,MM,1.5,3.7,MM,1.0,0
2026,2,15,1300,37.24,126.02,350,10.0,MM,MM,MM,1.5,3.7,MM,1.0,0
2026,2,15,1200,37.24,126.02,350,10.0,MM,MM,MM,1.7,3.8,MM,0.5,0
2026,2,15,1100,37.24,126.02,340,11.0,MM,MM,MM,2.3,3.8,MM,0.5,0
2026,2,15,1000,37.24,126.02,330,6.0,MM,MM,MM,2.8,3.8,MM,0.5,0
2026,2,15,800,37.24,126.02,320,8.0,MM,MM,MM,2.6,3.9,MM,0.5,0
2026,2,15,700,37.24,126.02,320,9.0,MM,MM,MM,2.5,3.9,MM,0.5,0
2026,2,15,600,37.24,126.02,320,8.0,MM,MM,MM,2.9,3.9,MM,0.5,0
2026,2,15,500,37.24,126.02,310,7.0,MM,MM,MM,2.8,3.8,MM,0.5,0
2026,2,15,400,37.24,126.02,310,5.0,MM,MM,MM,3.4,3.8,MM,0.0,0
2026,2,15,300,37.24,126.02,330,6.0,MM,MM,MM,3.1,3.8,MM,0.0,0
2026,2,15,200,37.24,126.02,340,6.0,MM,MM,MM,3.3,3.7,MM,0.0,0
2026,2,15,100,37.24,126.02,340,5.0,MM,MM,MM,3.2,3.7,MM,0.0,0
2026,2,15,0,37.24,126.02,330,4.0,MM,MM,MM,3.4,3.7,MM,0.0,0
2026,2,14,2300,37.24,126.02,320,3.0,MM,MM,MM,3.4,3.7,MM,0.0,0
2026,2,14,2200,37.24,126.02,340,3.0,MM,MM,MM,3.5,3.7,MM,0.0,0
2026,2,14,2100,37.24,126.02,340,2.0,MM,MM,MM,3.6,3.8,MM,0.0,0
2026,2,14,2000,37.24,126.02,350,2.0,MM,MM,MM,3.6,3.7,MM,0.0,0
2026,2,14,1900,37.24,126.02,330,3.0,MM,MM,MM,3.4,3.7,MM,0.0,0
2026,2,14,1800,37.24,126.02,320,1.0,MM,MM,MM,3.6,3.8,MM,0.0,0
2026,2,14,1700,37.24,126.02,340,2.0,MM,MM,MM,3.7,3.8,MM,0.0,0
2026,2,14,1600,37.24,126.02,340,2.0,MM,MM,MM,4.1,3.7,MM,0.0,0
2026,2,14,1500,37.24,126.02,340,2.0,MM,MM,MM,3.7,3.7,MM,0.0,0
2026,2,14,1400,37.24,126.02,240,1.0,MM,MM,MM,4.8,3.7,MM,0.0,0
2026,2,14,1300,37.24,126.02,140,1.0,MM,MM,MM,5.1,3.6,MM,0.0,0
2026,2,14,1200,37.24,126.02,160,2.0,MM,MM,MM,5.0,3.7,MM,0.0,0
2026,2,14,1100,37.24,126.02,80,0.0,MM,MM,MM,4.8,3.7,MM,0.0,0
2026,2,14,1000,37.24,126.02,170,1.0,MM,MM,MM,4.9,3.7,MM,0.0,0
2026,2,14,900,37.24,126.02,170,2.0,MM,MM,MM,4.8,3.8,MM,0.0,0
2026,2,14,800,37.24,126.02,180,1.0,MM,MM,MM,5.3,3.8,MM,0.0,0
2026,2,14,700,37.24,126.02,190,2.0,MM,MM,MM,4.3,3.8,MM,0.0,0
2026,2,14,600,37.24,126.02,200,2.0,MM,MM,MM,4.2,3.8,MM,0.0,0
2026,2,14,500,37.24,126.02,150,3.0,MM,MM,MM,4.6,3.8,MM,0.0,0
2026,2,14,400,37.24,126.02,150,2.0,MM,MM,MM,4.2,3.8,MM,0.0,0
2026,2,14,300,37.24,126.02,130,3.0,MM,MM,MM,4.4,3.7,MM,0.0,0
2026,2,14,200,37.24,126.02,130,4.0,MM,MM,MM,4.3,3.6,MM,0.0,0
2026,2,14,100,37.24,126.02,140,4.0,MM,MM,MM,4.0,3.6,MM,0.0,0
2026,2,14,0,37.24,126.02,140,4.0,MM,MM,MM,4.0,3.6,MM,0.0,0
2026,2,13,2300,37.24,126.02,140,5.0,MM,MM,MM,3.9,3.6,MM,0.0,0
2026,2,13,2200,37.24,126.02,140,5.0,MM,MM,MM,3.7,3.6,MM,0.0,0
2026,2,13,2100,37.24,126.02,130,4.0,MM,MM,MM,3.7,3.6,MM,0.0,0
2026,2,13,2000,37.24,126.02,140,4.0,MM,MM,MM,3.7,3.7,MM,0.5,0
2026,2,13,1900,37.24,126.02,160,4.0,MM,MM,MM,4.4,3.7,MM,0.5,0
2026,2,13,1800,37.24,126.02,170,4.0,MM,MM,MM,4.4,3.7,MM,0.0,0
2026,2,13,1700,37.24,126.02,160,4.0,MM,MM,MM,3.8,3.7,MM,0.5,0
2026,2,13,1600,37.24,126.02,170,4.0,MM,MM,MM,4.0,3.6,MM,0.5,0
2026,2,13,1500,37.24,126.02,160,3.0,MM,MM,MM,3.8,3.6,MM,0.5,0
2026,2,13,1400,37.24,126.02,170,4.0,MM,MM,MM,4.0,3.6,MM,0.5,0
2026,2,13,1300,37.24,126.02,170,3.0,MM,MM,MM,4.0,3.6,MM,0.5,0
2026,2,13,1200,37.24,126.02,170,4.0,MM,MM,MM,4.4,3.6,MM,0.5,0
2026,2,13,1100,37.24,126.02,180,4.0,MM,MM,MM,4.3,3.6,MM,0.5,0
2026,2,13,1000,37.24,126.02,180,5.0,MM,MM,MM,4.8,3.7,MM,0.5,0
2026,2,13,900,37.24,126.02,170,5.0,MM,MM,MM,4.3,3.7,MM,0.5,0
2026,2,13,800,37.24,126.02,180,5.0,MM,MM,MM,4.0,3.7,MM,0.5,0
2026,2,13,700,37.24,126.02,190,5.0,MM,MM,MM,4.2,3.7,MM,0.5,0
2026,2,13,600,37.24,126.02,200,6.0,MM,MM,MM,4.0,3.7,MM,0.5,0
2026,2,13,500,37.24,126.02,200,6.0,MM,MM,MM,4.1,3.7,MM,0.5,0
2026,2,13,400,37.24,126.02,180,6.0,MM,MM,MM,3.9,3.7,MM,0.0,0
2026,2,13,300,37.24,126.02,180,6.0,MM,MM,MM,3.9,3.7,MM,0.5,0
2026,2,13,200,37.24,126.02,170,6.0,MM,MM,MM,3.7,3.6,MM,0.5,0
2026,2,13,100,37.24,126.02,180,6.0,MM,MM,MM,3.5,3.6,MM,0.5,0
2026,2,13,0,37.24,126.02,180,6.0,MM,MM,MM,3.6,3.5,MM,0.5,0
2026,2,12,2300,37.24,126.02,170,5.0,MM,MM,MM,3.4,3.5,MM,0.5,0
2026,2,12,2200,37.24,126.02,170,5.0,MM,MM,MM,3.5,3.5,MM,0.5,0
2026,2,12,2100,37.24,126.02,180,4.0,MM,MM,MM,4.0,3.5,MM,0.5,0
2026,2,12,2000,37.24,126.02,200,4.0,MM,MM,MM,4.1,3.5,MM,0.5,0
2026,2,12,1900,37.24,126.02,220,4.0,MM,MM,MM,4.4,3.6,MM,0.5,0
2026,2,12,1800,37.24,126.02,220,5.0,MM,MM,MM,4.8,3.6,MM,0.5,0
2026,2,12,1700,37.24,126.02,200,4.0,MM,MM,MM,4.2,3.6,MM,0.5,0
2026,2,12,1600,37.24,126.02,200,4.0,MM,MM,MM,3.4,3.6,MM,0.5,0
2026,2,12,1500,37.24,126.02,200,3.0,MM,MM,MM,3.3,3.5,MM,0.5,0
2026,2,12,1400,37.24,126.02,190,4.0,MM,MM,MM,3.4,3.5,MM,0.5,0
2026,2,12,1300,37.24,126.02,180,5.0,MM,MM,MM,3.5,3.5,MM,0.5,0
2026,2,12,1200,37.24,126.02,180,6.0,MM,MM,MM,3.4,3.5,MM,0.5,0
2026,2,12,1100,37.24,126.02,190,6.0,MM,MM,MM,3.5,3.5,MM,0.5,0
2026,2,12,1000,37.24,126.02,180,5.0,MM,MM,MM,3.4,3.6,MM,0.5,0
2026,2,12,900,37.24,126.02,190,5.0,MM,MM,MM,3.5,3.6,MM,0.5,0
2026,2,12,800,37.24,126.02,190,6.0,MM,MM,MM,3.6,3.7,MM,0.5,0
2026,2,12,700,37.24,126.02,200,6.0,MM,MM,MM,3.6,3.7,MM,0.5,0
2026,2,12,600,37.24,126.02,190,4.0,MM,MM,MM,3.5,3.7,MM,0.0,0
2026,2,12,500,37.24,126.02,180,5.0,MM,MM,MM,2.9,3.7,MM,0.0,0
2026,2,12,400,37.24,126.02,180,6.0,MM,MM,MM,2.5,3.7,MM,0.0,0
2026,2,12,300,37.24,126.02,190,5.0,MM,MM,MM,3.0,3.6,MM,0.0,0
2026,2,12,200,37.24,126.02,180,6.0,MM,MM,MM,2.8,3.6,MM,0.0,0
2026,2,12,100,37.24,126.02,180,5.0,MM,MM,MM,2.7,3.6,MM,0.0,0
2026,2,12,0,37.24,126.02,180,4.0,MM,MM,MM,2.6,3.5,MM,0.0,0
2026,2,11,2300,37.24,126.02,180,4.0,MM,MM,MM,2.4,3.5,MM,0.5,0
2026,2,11,2200,37.24,126.02,190,4.0,MM,MM,MM,2.3,3.5,MM,0.0,0
2026,2,11,2100,37.24,126.02,200,3.0,MM,MM,MM,2.1,3.5,MM,0.0,0
2026,2,11,2000,37.24,126.02,200,2.0,MM,MM,MM,2.1,3.5,MM,0.5,0
2026,2,11,1900,37.24,126.02,230,1.0,MM,MM,MM,2.1,3.5,MM,0.5,0
2026,2,11,1800,37.24,126.02,280,1.0,MM,MM,MM,2.1,3.5,MM,0.5,0
2026,2,11,1700,37.24,126.02,320,2.0,MM,MM,MM,2.1,3.5,MM,0.5,0
2026,2,11,1600,37.24,126.02,300,3.0,MM,MM,MM,2.1,3.6,MM,0.5,0
2026,2,11,1500,37.24,126.02,310,6.0,MM,MM,MM,2.1,3.6,MM,0.5,0
2026,2,11,1400,37.24,126.02,310,7.0,MM,MM,MM,2.2,3.6,MM,0.5,0
2026,2,11,1300,37.24,126.02,310,7.0,MM,MM,MM,2.1,3.6,MM,0.5,0
2026,2,11,1200,37.24,126.02,310,8.0,MM,MM,MM,2.0,3.5,MM,0.5,0
2026,2,11,1100,37.24,126.02,300,7.0,MM,MM,MM,2.0,3.5,MM,0.5,0
2026,2,11,1000,37.24,126.02,300,7.0,MM,MM,MM,2.1,3.5,MM,0.5,0
2026,2,11,900,37.24,126.02,290,5.0,MM,MM,MM,2.2,3.5,MM,0.5,0
2026,2,11,800,37.24,126.02,300,6.0,MM,MM,MM,2.3,3.6,MM,0.5,0
2026,2,11,700,37.24,126.02,310,7.0,MM,MM,MM,2.4,3.6,MM,0.5,0
2026,2,11,600,37.24,126.02,310,6.0,MM,MM,MM,2.3,3.6,MM,0.5,0
2026,2,11,500,37.24,126.02,310,5.0,MM,MM,MM,2.2,3.7,MM,0.5,0
2026,2,11,400,37.24,126.02,340,5.0,MM,MM,MM,2.0,3.7,MM,0.5,0
2026,2,11,300,37.24,126.02,340,5.0,MM,MM,MM,1.9,3.7,MM,0.5,0
2026,2,11,200,37.24,126.02,330,3.0,MM,MM,MM,1.6,3.5,MM,0.5,0
2026,2,11,100,37.24,126.02,330,4.0,MM,MM,MM,0.8,3.6,MM,0.0,0
2026,2,11,0,37.24,126.02,330,4.0,MM,MM,MM,1.5,3.6,MM,0.5,0
2026,2,10,2300,37.24,126.02,300,2.0,MM,MM,MM,1.9,3.5,MM,0.5,0
2026,2,10,2200,37.24,126.02,350,1.0,MM,MM,MM,1.8,3.5,MM,0.5,0
2026,2,10,2100,37.24,126.02,20,3.0,MM,MM,MM,1.8,3.5,MM,0.5,0
2026,2,10,2000,37.24,126.02,20,3.0,MM,MM,MM,1.9,3.5,MM,0.5,0
2026,2,10,1900,37.24,126.02,330,5.0,MM,MM,MM,2.8,3.5,MM,0.5,0
2026,2,10,1800,37.24,126.02,300,3.0,MM,MM,MM,2.8,3.5,MM,0.5,0
2026,2,10,1700,37.24,126.02,260,2.0,MM,MM,MM,3.0,3.5,MM,0.5,0
2026,2,10,1600,37.24,126.02,250,2.0,MM,MM,MM,3.1,3.4,MM,0.5,0
2026,2,10,1500,37.24,126.02,60,2.0,MM,MM,MM,3.0,3.5,MM,0.5,0
2026,2,10,1400,37.24,126.02,240,2.0,MM,MM,MM,3.0,3.6,MM,0.5,0
2026,2,10,1300,37.24,126.02,210,3.0,MM,MM,MM,2.9,3.6,MM,0.5,0
2026,2,10,1200,37.24,126.02,220,3.0,MM,MM,MM,3.0,3.6,MM,0.5,0
2026,2,10,1100,37.24,126.02,210,4.0,MM,MM,MM,2.9,3.5,MM,0.5,0
2026,2,10,1000,37.24,126.02,220,4.0,MM,MM,MM,2.9,3.5,MM,0.5,0
2026,2,10,900,37.24,126.02,210,6.0,MM,MM,MM,2.8,3.5,MM,0.5,0
2026,2,10,800,37.24,126.02,200,6.0,MM,MM,MM,2.8,3.5,MM,0.5,0
2026,2,10,700,37.24,126.02,190,4.0,MM,MM,MM,2.7,3.5,MM,0.5,0
2026,2,10,600,37.24,126.02,200,4.0,MM,MM,MM,2.7,3.5,MM,0.5,0
2026,2,10,500,37.24,126.02,190,5.0,MM,MM,MM,2.6,3.5,MM,0.5,0
2026,2,10,400,37.24,126.02,180,6.0,MM,MM,MM,2.5,3.5,MM,0.5,0
2026,2,10,300,37.24,126.02,180,7.0,MM,MM,MM,2.2,3.6,MM,0.5,0
2026,2,10,200,37.24,126.02,180,7.0,MM,MM,MM,2.1,3.6,MM,0.5,0
2026,2,10,100,37.24,126.02,180,8.0,MM,MM,MM,1.9,3.5,MM,0.5,0
2026,2,10,0,37.24,126.02,180,7.0,MM,MM,MM,2.2,3.5,MM,0.5,0
2026,2,9,2300,37.24,126.02,170,6.0,MM,MM,MM,2.2,3.6,MM,0.5,0
2026,2,9,2200,37.24,126.02,180,7.0,MM,MM,MM,2.3,3.5,MM,0.5,0
2026,2,9,2100,37.24,126.02,180,7.0,MM,MM,MM,2.3,3.5,MM,0.5,0
2026,2,9,2000,37.24,126.02,190,7.0,MM,MM,MM,2.3,3.5,MM,0.5,0
2026,2,9,1900,37.24,126.02,180,6.0,MM,MM,MM,2.3,3.5,MM,0.5,0
2026,2,9,1800,37.24,126.02,160,5.0,MM,MM,MM,2.1,3.5,MM,0.0,0
2026,2,9,1700,37.24,126.02,160,5.0,MM,MM,MM,2.0,3.5,MM,0.0,0
2026,2,9,1500,37.24,126.02,160,4.0,MM,MM,MM,2.2,3.5,MM,0.0,0
2026,2,9,1400,37.24,126.02,190,4.0,MM,MM,MM,2.2,3.5,MM,0.0,0
2026,2,9,1300,37.24,126.02,190,5.0,MM,MM,MM,2.1,3.5,MM,0.0,0
2026,2,9,1200,37.24,126.02,190,5.0,MM,MM,MM,1.9,3.5,MM,0.5,0
2026,2,9,1100,37.24,126.02,190,5.0,MM,MM,MM,1.8,3.5,MM,0.5,0
2026,2,9,1000,37.24,126.02,200,6.0,MM,MM,MM,1.7,3.5,MM,0.5,0
2026,2,9,900,37.24,126.02,200,5.0,MM,MM,MM,1.5,3.6,MM,0.5,0
2026,2,9,800,37.24,126.02,200,5.0,MM,MM,MM,1.4,3.6,MM,0.5,0
2026,2,9,700,37.24,126.02,190,5.0,MM,MM,MM,0.9,3.6,MM,0.5,0
2026,2,9,600,37.24,126.02,170,5.0,MM,MM,MM,0.4,3.6,MM,0.5,0
2026,2,9,500,37.24,126.02,170,5.0,MM,MM,MM,-0.4,3.5,MM,0.5,0
2026,2,9,400,37.24,126.02,170,5.0,MM,MM,MM,-1.1,3.4,MM,0.5,0
2026,2,9,300,37.24,126.02,170,4.0,MM,MM,MM,-1.6,3.5,MM,0.5,0
2026,2,9,200,37.24,126.02,170,4.0,MM,MM,MM,-1.9,3.6,MM,0.5,0
2026,2,9,100,37.24,126.02,180,4.0,MM,MM,MM,-2.6,3.6,MM,0.5,0
2026,2,9,0,37.24,126.02,170,5.0,MM,MM,MM,-3.0,3.6,MM,0.5,0
2026,2,8,2300,37.24,126.02,160,4.0,MM,MM,MM,-3.0,3.5,MM,0.5,0
2026,2,8,2200,37.24,126.02,150,4.0,MM,MM,MM,-3.3,3.5,MM,0.5,0
2026,2,8,2100,37.24,126.02,120,3.0,MM,MM,MM,-3.7,3.5,MM,0.5,0
2026,2,8,2000,37.24,126.02,120,3.0,MM,MM,MM,-4.0,3.5,MM,0.5,0
2026,2,8,1900,37.24,126.02,100,2.0,MM,MM,MM,-3.4,3.5,MM,0.5,0
2026,2,8,1800,37.24,126.02,60,4.0,MM,MM,MM,-3.7,3.5,MM,0.5,0
2026,2,8,1700,37.24,126.02,40,6.0,MM,MM,MM,-3.8,3.6,MM,0.5,0
2026,2,8,1600,37.24,126.02,20,6.0,MM,MM,MM,-3.5,3.5,MM,0.5,0
2026,2,8,1500,37.24,126.02,350,8.0,MM,MM,MM,-3.3,3.5,MM,0.5,0
2026,2,8,1400,37.24,126.02,340,8.0,MM,MM,MM,-3.3,3.5,MM,0.5,0
2026,2,8,1300,37.24,126.02,330,8.0,MM,MM,MM,-3.4,3.6,MM,0.5,0
2026,2,8,1200,37.24,126.02,330,8.0,MM,MM,MM,-3.5,3.6,MM,0.5,0
2026,2,8,1100,37.24,126.02,320,9.0,MM,MM,MM,-3.3,3.6,MM,1.0,0
2026,2,8,1000,37.24,126.02,320,8.0,MM,MM,MM,-3.6,3.6,MM,0.5,0
2026,2,8,900,37.24,126.02,320,7.0,MM,MM,MM,-3.7,3.6,MM,0.5,0
2026,2,8,800,37.24,126.02,320,7.0,MM,MM,MM,-4.1,3.6,MM,0.5,0
2026,2,8,700,37.24,126.02,320,6.0,MM,MM,MM,-4.7,3.6,MM,0.5,0
2026,2,8,600,37.24,126.02,320,6.0,MM,MM,MM,-5.8,3.6,MM,0.5,0
2026,2,8,500,37.24,126.02,340,5.0,MM,MM,MM,-6.3,3.6,MM,0.5,0
2026,2,8,400,37.24,126.02,340,8.0,MM,MM,MM,-6.8,3.6,MM,0.5,0
2026,2,8,300,37.24,126.02,350,8.0,MM,MM,MM,-7.5,3.4,MM,1.0,0
2026,2,8,200,37.24,126.02,350,8.0,MM,MM,MM,-8.0,3.6,MM,1.0,0
2026,2,8,100,37.24,126.02,340,10.0,MM,MM,MM,-7.9,3.6,MM,1.0,0
2026,2,8,0,37.24,126.02,350,10.0,MM,MM,MM,-7.6,3.6,MM,1.0,0
2026,2,7,2300,37.24,126.02,350,10.0,MM,MM,MM,-7.9,3.6,MM,1.0,0
2026,2,7,2200,37.24,126.02,340,10.0,MM,MM,MM,-8.1,3.6,MM,1.0,0
2026,2,7,2100,37.24,126.02,340,11.0,MM,MM,MM,-7.8,3.7,MM,1.0,0
2026,2,7,2000,37.24,126.02,340,11.0,MM,MM,MM,-8.0,3.6,MM,1.0,0
2026,2,7,1900,37.24,126.02,350,10.0,MM,MM,MM,-7.5,3.6,MM,1.0,0
2026,2,7,1800,37.24,126.02,340,10.0,MM,MM,MM,-7.6,3.6,MM,1.0,0
2026,2,7,1700,37.24,126.02,350,11.0,MM,MM,MM,-7.5,3.6,MM,1.0,0
2026,2,7,1600,37.24,126.02,350,12.0,MM,MM,MM,-7.1,3.7,MM,1.0,0
2026,2,7,1500,37.24,126.02,350,11.0,MM,MM,MM,-6.8,3.7,MM,1.0,0
2026,2,7,1400,37.24,126.02,360,12.0,MM,MM,MM,-6.9,3.6,MM,1.0,0
2026,2,7,1300,37.24,126.02,350,13.0,MM,MM,MM,-6.9,3.7,MM,1.0,0
2026,2,7,1200,37.24,126.02,340,12.0,MM,MM,MM,-6.8,3.8,MM,1.0,0
2026,2,7,1100,37.24,126.02,330,12.0,MM,MM,MM,-5.9,3.7,MM,1.0,0
2026,2,7,1000,37.24,126.02,330,13.0,MM,MM,MM,-4.9,3.8,MM,1.0,0
2026,2,7,900,37.24,126.02,320,11.0,MM,MM,MM,-5.0,3.7,MM,1.0,0
2026,2,7,800,37.24,126.02,320,13.0,MM,MM,MM,-5.0,3.8,MM,1.0,0
2026,2,7,700,37.24,126.02,320,13.0,MM,MM,MM,-4.7,3.8,MM,1.0,0
2026,2,7,600,37.24,126.02,330,10.0,MM,MM,MM,-5.3,3.8,MM,1.0,0
2026,2,7,500,37.24,126.02,340,11.0,MM,MM,MM,-5.6,3.8,MM,0.5,0
2026,2,7,400,37.24,126.02,340,9.0,MM,MM,MM,-6.1,3.8,MM,0.5,0
2026,2,7,300,37.24,126.02,340,8.0,MM,MM,MM,-7.0,3.7,MM,0.5,0
2026,2,7,200,37.24,126.02,350,8.0,MM,MM,MM,-7.9,3.7,MM,0.5,0
2026,2,7,100,37.24,126.02,0,7.0,MM,MM,MM,-8.0,3.8,MM,0.5,0
2026,2,7,0,37.24,126.02,360,6.0,MM,MM,MM,-7.8,3.8,MM,0.5,0
2026,2,6,2300,37.24,126.02,340,7.0,MM,MM,MM,-7.6,3.8,MM,0.5,0
2026,2,6,2200,37.24,126.02,330,7.0,MM,MM,MM,-7.9,3.8,MM,0.5,0
2026,2,6,2100,37.24,126.02,350,6.0,MM,MM,MM,-7.5,3.8,MM,0.5,0
2026,2,6,2000,37.24,126.02,360,5.0,MM,MM,MM,-7.6,3.8,MM,0.5,0
2026,2,6,1900,37.24,126.02,0,6.0,MM,MM,MM,-7.5,3.7,MM,0.5,0
2026,2,6,1800,37.24,126.02,0,7.0,MM,MM,MM,-7.4,3.8,MM,0.5,0
2026,2,6,1700,37.24,126.02,0,8.0,MM,MM,MM,-7.3,3.8,MM,0.5,0
2026,2,6,1600,37.24,126.02,10,8.0,MM,MM,MM,-7.2,3.8,MM,0.5,0
2026,2,6,1500,37.24,126.02,0,9.0,MM,MM,MM,-7.0,3.9,MM,0.5,0
2026,2,6,1400,37.24,126.02,10,8.0,MM,MM,MM,-6.9,3.8,MM,0.5,0
2026,2,6,1300,37.24,126.02,360,8.0,MM,MM,MM,-6.9,3.8,MM,0.5,0
2026,2,6,1200,37.24,126.02,350,9.0,MM,MM,MM,-6.2,4.0,MM,0.5,0
2026,2,6,1100,37.24,126.02,350,9.0,MM,MM,MM,-6.0,3.9,MM,0.5,0
2026,2,6,1000,37.24,126.02,350,8.0,MM,MM,MM,-5.6,3.9,MM,0.5,0
2026,2,6,900,37.24,126.02,350,7.0,MM,MM,MM,-5.7,3.9,MM,0.5,0
2026,2,6,800,37.24,126.02,350,7.0,MM,MM,MM,-5.8,3.9,MM,0.5,0
2026,2,6,700,37.24,126.02,350,7.0,MM,MM,MM,-6.2,3.9,MM,0.5,0
2026,2,6,600,37.24,126.02,360,7.0,MM,MM,MM,-6.8,3.9,MM,0.5,0
2026,2,6,500,37.24,126.02,360,8.0,MM,MM,MM,-7.3,3.9,MM,0.5,0
2026,2,6,400,37.24,126.02,350,7.0,MM,MM,MM,-7.6,3.9,MM,0.5,0
2026,2,6,300,37.24,126.02,10,8.0,MM,MM,MM,-7.7,3.8,MM,0.5,0
2026,2,6,200,37.24,126.02,0,9.0,MM,MM,MM,-7.5,3.9,MM,0.5,0
2026,2,6,100,37.24,126.02,0,9.0,MM,MM,MM,-7.4,3.8,MM,1.0,0
2026,2,6,0,37.24,126.02,10,10.0,MM,MM,MM,-6.9,3.9,MM,1.0,0
2026,2,5,2300,37.24,126.02,360,10.0,MM,MM,MM,-6.5,3.9,MM,1.0,0
2026,2,5,2200,37.24,126.02,360,10.0,MM,MM,MM,-5.8,3.9,MM,1.0,0
2026,2,5,2100,37.24,126.02,350,11.0,MM,MM,MM,-5.3,3.9,MM,1.0,0
2026,2,5,2000,37.24,126.02,350,12.0,MM,MM,MM,-5.1,3.9,MM,1.0,0
2026,2,5,1900,37.24,126.02,350,12.0,MM,MM,MM,-4.7,3.9,MM,1.0,0
2026,2,5,1800,37.24,126.02,350,12.0,MM,MM,MM,-4.1,3.9,MM,1.0,0
2026,2,5,1700,37.24,126.02,340,11.0,MM,MM,MM,-3.6,3.9,MM,1.0,0
2026,2,5,1600,37.24,126.02,350,10.0,MM,MM,MM,-3.0,3.9,MM,1.0,0
2026,2,5,1500,37.24,126.02,350,10.0,MM,MM,MM,-2.6,3.9,MM,1.0,0
2026,2,5,1400,37.24,126.02,350,11.0,MM,MM,MM,-2.1,4.0,MM,1.0,0
2026,2,5,1300,37.24,126.02,340,11.0,MM,MM,MM,-1.4,4.0,MM,0.5,0
2026,2,5,1200,37.24,126.02,350,11.0,MM,MM,MM,-0.3,4.0,MM,0.5,0
2026,2,5,1100,37.24,126.02,330,10.0,MM,MM,MM,1.5,4.0,MM,0.5,0
2026,2,5,1000,37.24,126.02,330,10.0,MM,MM,MM,2.3,4.0,MM,0.5,0
2026,2,5,900,37.24,126.02,330,8.0,MM,MM,MM,2.7,3.9,MM,0.5,0
2026,2,5,800,37.24,126.02,330,8.0,MM,MM,MM,3.0,3.9,MM,0.5,0
2026,2,5,700,37.24,126.02,310,8.0,MM,MM,MM,3.1,3.9,MM,0.5,0
2026,2,5,600,37.24,126.02,310,8.0,MM,MM,MM,3.6,3.9,MM,0.0,0
2026,2,5,500,37.24,126.02,280,5.0,MM,MM,MM,4.1,3.9,MM,0.0,0
2026,2,5,300,37.24,126.02,250,3.0,MM,MM,MM,4.9,3.8,MM,0.0,0
2026,2,5,200,37.24,126.02,200,1.0,MM,MM,MM,5.2,3.8,MM,0.5,0
2026,2,5,100,37.24,126.02,190,3.0,MM,MM,MM,4.4,3.9,MM,0.5,0
2026,2,5,0,37.24,126.02,200,3.0,MM,MM,MM,4.1,3.8,MM,0.5,0
2026,2,4,2300,37.24,126.02,170,3.0,MM,MM,MM,3.9,4.0,MM,0.5,0
2026,2,4,2200,37.24,126.02,170,4.0,MM,MM,MM,3.9,3.9,MM,0.5,0
2026,2,4,2100,37.24,126.02,170,4.0,MM,MM,MM,3.9,3.9,MM,0.5,0
2026,2,4,2000,37.24,126.02,160,4.0,MM,MM,MM,3.9,3.8,MM,0.5,0
2026,2,4,1900,37.24,126.02,160,4.0,MM,MM,MM,4.0,3.9,MM,0.5,0
2026,2,4,1800,37.24,126.02,150,4.0,MM,MM,MM,3.7,3.8,MM,0.5,0
2026,2,4,1700,37.24,126.02,170,4.0,MM,MM,MM,4.1,3.8,MM,0.5,0
2026,2,4,1600,37.24,126.02,170,3.0,MM,MM,MM,4.0,3.9,MM,0.5,0
2026,2,4,1500,37.24,126.02,160,3.0,MM,MM,MM,3.9,3.8,MM,0.5,0
2026,2,4,1400,37.24,126.02,170,4.0,MM,MM,MM,4.0,3.8,MM,0.5,0
2026,2,4,1300,37.24,126.02,170,3.0,MM,MM,MM,3.8,3.9,MM,0.5,0
2026,2,4,1200,37.24,126.02,160,3.0,MM,MM,MM,3.7,3.8,MM,0.5,0
2026,2,4,1100,37.24,126.02,190,5.0,MM,MM,MM,3.8,4.0,MM,0.5,0
2026,2,4,1000,37.24,126.02,190,5.0,MM,MM,MM,3.6,4.0,MM,0.5,0
2026,2,4,900,37.24,126.02,190,5.0,MM,MM,MM,3.5,3.9,MM,0.5,0
2026,2,4,800,37.24,126.02,190,6.0,MM,MM,MM,3.7,3.9,MM,0.5,0
2026,2,4,700,37.24,126.02,190,6.0,MM,MM,MM,3.6,3.8,MM,0.5,0
2026,2,4,600,37.24,126.02,190,7.0,MM,MM,MM,3.7,3.9,MM,0.5,0
2026,2,4,500,37.24,126.02,200,6.0,MM,MM,MM,3.8,3.8,MM,0.5,0
2026,2,4,400,37.24,126.02,190,6.0,MM,MM,MM,3.6,3.8,MM,0.5,0
2026,2,4,300,37.24,126.02,200,6.0,MM,MM,MM,3.6,3.8,MM,0.5,0
2026,2,4,200,37.24,126.02,190,6.0,MM,MM,MM,3.4,3.6,MM,0.5,0
2026,2,4,100,37.24,126.02,190,6.0,MM,MM,MM,3.2,3.8,MM,0.5,0
2026,2,4,0,37.24,126.02,190,6.0,MM,MM,MM,3.2,3.8,MM,0.5,0
2026,2,3,2300,37.24,126.02,190,6.0,MM,MM,MM,3.1,3.9,MM,0.5,0
2026,2,3,2200,37.24,126.02,190,6.0,MM,MM,MM,3.1,3.9,MM,0.0,0
2026,2,3,2100,37.24,126.02,190,6.0,MM,MM,MM,3.0,3.9,MM,0.0,0
2026,2,3,2000,37.24,126.02,190,6.0,MM,MM,MM,3.1,3.8,MM,0.0,0
2026,2,3,1900,37.24,126.02,180,6.0,MM,MM,MM,3.1,3.8,MM,0.0,0
2026,2,3,1800,37.24,126.02,180,5.0,MM,MM,MM,3.0,3.8,MM,0.0,0
2026,2,3,1700,37.24,126.02,180,4.0,MM,MM,MM,3.1,3.7,MM,0.0,0
2026,2,3,1600,37.24,126.02,180,3.0,MM,MM,MM,2.8,3.7,MM,0.0,0
2026,2,3,1500,37.24,126.02,180,3.0,MM,MM,MM,2.6,3.7,MM,0.0,0
2026,2,3,1400,37.24,126.02,160,1.0,MM,MM,MM,2.5,3.7,MM,0.0,0
2026,2,3,1300,37.24,126.02,200,1.0,MM,MM,MM,2.6,3.8,MM,0.0,0
2026,2,3,1200,37.24,126.02,270,1.0,MM,MM,MM,2.7,3.8,MM,0.0,0
2026,2,3,1100,37.24,126.02,280,4.0,MM,MM,MM,3.0,4.0,MM,0.0,0
2026,2,3,1000,37.24,126.02,190,5.0,MM,MM,MM,2.9,4.1,MM,0.0,0
2026,2,3,900,37.24,126.02,190,6.0,MM,MM,MM,2.7,4.0,MM,0.0,0
2026,2,3,800,37.24,126.02,190,5.0,MM,MM,MM,2.4,3.9,MM,0.0,0
2026,2,3,700,37.24,126.02,200,5.0,MM,MM,MM,2.2,3.8,MM,0.0,0
2026,2,3,600,37.24,126.02,200,5.0,MM,MM,MM,2.2,4.1,MM,0.0,0
2026,2,3,500,37.24,126.02,180,5.0,MM,MM,MM,1.9,3.8,MM,0.0,0
2026,2,3,400,37.24,126.02,170,4.0,MM,MM,MM,1.1,3.8,MM,0.0,0
2026,2,3,300,37.24,126.02,180,4.0,MM,MM,MM,0.9,3.7,MM,0.0,0
2026,2,3,200,37.24,126.02,170,4.0,MM,MM,MM,0.8,3.6,MM,0.0,0
2026,2,3,100,37.24,126.02,170,4.0,MM,MM,MM,0.6,3.6,MM,0.5,0
2026,2,3,0,37.24,126.02,140,3.0,MM,MM,MM,-0.1,3.7,MM,0.5,0
2026,2,2,2300,37.24,126.02,140,3.0,MM,MM,MM,-0.9,3.7,MM,0.5,0
2026,2,2,2200,37.24,126.02,150,2.0,MM,MM,MM,-1.3,3.9,MM,0.5,0
2026,2,2,2100,37.24,126.02,160,2.0,MM,MM,MM,-1.3,3.9,MM,0.5,0
2026,2,2,2000,37.24,126.02,60,1.0,MM,MM,MM,-1.4,3.9,MM,0.5,0
2026,2,2,1900,37.24,126.02,30,2.0,MM,MM,MM,-1.6,3.8,MM,0.5,0
2026,2,2,1800,37.24,126.02,20,2.0,MM,MM,MM,-1.7,3.9,MM,0.5,0
2026,2,2,1700,37.24,126.02,360,4.0,MM,MM,MM,-1.7,3.6,MM,0.5,0
2026,2,2,1600,37.24,126.02,350,6.0,MM,MM,MM,-1.7,3.6,MM,0.5,0
2026,2,2,1500,37.24,126.02,340,6.0,MM,MM,MM,-1.6,3.6,MM,0.5,0
2026,2,2,1400,37.24,126.02,330,7.0,MM,MM,MM,-1.5,3.7,MM,0.5,0
2026,2,2,1300,37.24,126.02,340,7.0,MM,MM,MM,-1.3,3.8,MM,0.5,0
2026,2,2,1200,37.24,126.02,330,8.0,MM,MM,MM,-1.1,3.9,MM,0.5,0
2026,2,2,1100,37.24,126.02,320,8.0,MM,MM,MM,-0.6,3.8,MM,0.5,0
2026,2,2,1000,37.24,126.02,320,8.0,MM,MM,MM,-0.3,4.1,MM,0.5,0
2026,2,2,900,37.24,126.02,320,9.0,MM,MM,MM,-0.3,4.1,MM,0.5,0
2026,2,2,800,37.24,126.02,320,8.0,MM,MM,MM,-0.3,4.0,MM,0.5,0
2026,2,2,700,37.24,126.02,310,8.0,MM,MM,MM,-0.5,4.0,MM,0.5,0
2026,2,2,600,37.24,126.02,320,6.0,MM,MM,MM,-0.8,3.8,MM,0.5,0
2026,2,2,500,37.24,126.02,340,7.0,MM,MM,MM,-1.3,3.9,MM,0.5,0
2026,2,2,400,37.24,126.02,350,6.0,MM,MM,MM,-1.9,3.8,MM,0.5,0
2026,2,2,300,37.24,126.02,360,7.0,MM,MM,MM,-2.1,3.8,MM,0.5,0
2026,2,2,200,37.24,126.02,0,7.0,MM,MM,MM,-2.1,3.8,MM,0.5,0
2026,2,2,100,37.24,126.02,360,8.0,MM,MM,MM,-1.9,3.7,MM,0.5,0
2026,2,2,0,37.24,126.02,350,9.0,MM,MM,MM,-1.5,3.8,MM,0.5,0
2026,2,1,2300,37.24,126.02,350,8.0,MM,MM,MM,-1.3,3.9,MM,0.5,0
2026,2,1,2200,37.24,126.02,330,9.0,MM,MM,MM,-0.8,3.9,MM,0.5,0
2026,2,1,2100,37.24,126.02,340,6.0,MM,MM,MM,-1.0,4.0,MM,0.5,0
2026,2,1,2000,37.24,126.02,360,8.0,MM,MM,MM,-1.1,4.0,MM,0.5,0
2026,2,1,1900,37.24,126.02,360,7.0,MM,MM,MM,-1.1,4.0,MM,0.5,0
2026,2,1,1800,37.24,126.02,360,5.0,MM,MM,MM,-1.0,4.0,MM,0.5,0
2026,2,1,1700,37.24,126.02,340,7.0,MM,MM,MM,-0.6,4.0,MM,0.5,0
2026,2,1,1600,37.24,126.02,350,9.0,MM,MM,MM,-0.8,3.8,MM,0.5,0
2026,2,1,1500,37.24,126.02,330,6.0,MM,MM,MM,1.1,3.7,MM,0.5,0
2026,2,1,1400,37.24,126.02,330,6.0,MM,MM,MM,2.4,3.8,MM,0.5,0
2026,2,1,1300,37.24,126.02,260,6.0,MM,MM,MM,3.0,3.9,MM,0.5,0
2026,2,1,1200,37.24,126.02,230,6.0,MM,MM,MM,2.5,4.0,MM,0.5,0
2026,2,1,1100,37.24,126.02,210,5.0,MM,MM,MM,2.0,4.0,MM,0.0,0
2026,2,1,1000,37.24,126.02,200,6.0,MM,MM,MM,0.9,4.0,MM,0.0,0
2026,2,1,900,37.24,126.02,190,5.0,MM,MM,MM,0.3,4.3,MM,0.0,0
2026,2,1,800,37.24,126.02,190,4.0,MM,MM,MM,-0.2,4.2,MM,0.5,0
2026,2,1,700,37.24,126.02,190,3.0,MM,MM,MM,-0.5,4.1,MM,0.5,0
2026,2,1,600,37.24,126.02,190,1.0,MM,MM,MM,-0.6,4.1,MM,0.5,0
2026,2,1,500,37.24,126.02,240,2.0,MM,MM,MM,-1.1,4.1,MM,0.5,0
2026,2,1,400,37.24,126.02,260,2.0,MM,MM,MM,-1.5,4.1,MM,0.5,0
2026,2,1,300,37.24,126.02,320,1.0,MM,MM,MM,-1.7,3.9,MM,0.5,0
2026,2,1,200,37.24,126.02,340,2.0,MM,MM,MM,-1.8,3.9,MM,0.5,0
2026,2,1,100,37.24,126.02,350,4.0,MM,MM,MM,-1.8,3.9,MM,0.5,0
2026,2,1,0,37.24,126.02,350,5.0,MM,MM,MM,-1.8,3.9,MM,0.5,0
2026,1,31,2300,37.24,126.02,10,5.0,MM,MM,MM,-1.8,3.9,MM,0.5,0
2026,1,31,2200,37.24,126.02,360,6.0,MM,MM,MM,-1.7,3.9,MM,0.5,0
2026,1,31,2100,37.24,126.02,10,5.0,MM,MM,MM,-1.8,4.0,MM,0.5,0
2026,1,31,2000,37.24,126.02,360,7.0,MM,MM,MM,-1.8,4.1,MM,0.5,0
2026,1,31,1900,37.24,126.02,360,7.0,MM,MM,MM,-2.0,4.1,MM,0.5,0
2026,1,31,1800,37.24,126.02,350,8.0,MM,MM,MM,-1.6,4.0,MM,0.5,0
2026,1,31,1700,37.24,126.02,330,7.0,MM,MM,MM,-1.4,4.1,MM,0.5,0
2026,1,31,1600,37.24,126.02,340,6.0,MM,MM,MM,-0.9,4.0,MM,0.0,0
2026,1,31,1500,37.24,126.02,0,5.0,MM,MM,MM,-1.7,4.0,MM,0.0,0
2026,1,31,1400,37.24,126.02,10,5.0,MM,MM,MM,-0.6,3.9,MM,0.5,0
2026,1,31,1300,37.24,126.02,340,2.0,MM,MM,MM,0.1,4.0,MM,0.5,0
2026,1,31,1200,37.24,126.02,320,3.0,MM,MM,MM,0.2,4.0,MM,0.5,0
2026,1,31,1100,37.24,126.02,340,4.0,MM,MM,MM,0.2,4.0,MM,0.5,0
2026,1,31,1000,37.24,126.02,310,7.0,MM,MM,MM,0.4,4.0,MM,0.5,0
2026,1,31,900,37.24,126.02,300,6.0,MM,MM,MM,0.1,4.3,MM,0.0,0
2026,1,31,800,37.24,126.02,300,6.0,MM,MM,MM,-0.2,4.3,MM,0.0,0
2026,1,31,700,37.24,126.02,300,6.0,MM,MM,MM,-0.7,4.1,MM,0.0,0
2026,1,31,600,37.24,126.02,310,5.0,MM,MM,MM,-1.2,4.2,MM,0.0,0
2026,1,31,500,37.24,126.02,290,4.0,MM,MM,MM,-2.0,4.2,MM,0.0,0
2026,1,31,400,37.24,126.02,320,3.0,MM,MM,MM,-2.5,4.2,MM,0.0,0
2026,1,31,300,37.24,126.02,320,3.0,MM,MM,MM,-3.0,4.1,MM,0.0,0
2026,1,31,200,37.24,126.02,10,2.0,MM,MM,MM,-3.2,4.0,MM,0.0,0
2026,1,31,100,37.24,126.02,20,2.0,MM,MM,MM,-3.6,4.0,MM,0.5,0
2026,1,31,0,37.24,126.02,30,2.0,MM,MM,MM,-3.7,4.0,MM,0.0,0
2026,1,30,2300,37.24,126.02,20,3.0,MM,MM,MM,-3.8,4.0,MM,0.5,0
2026,1,30,2200,37.24,126.02,30,3.0,MM,MM,MM,-4.1,4.0,MM,0.5,0
2026,1,30,2100,37.24,126.02,10,4.0,MM,MM,MM,-4.1,4.1,MM,0.5,0
2026,1,30,2000,37.24,126.02,10,5.0,MM,MM,MM,-4.1,4.0,MM,0.5,0
2026,1,30,1900,37.24,126.02,10,5.0,MM,MM,MM,-4.3,4.1,MM,0.5,0
2026,1,30,1800,37.24,126.02,10,5.0,MM,MM,MM,-4.2,4.1,MM,0.5,0
2026,1,30,1700,37.24,126.02,10,5.0,MM,MM,MM,-4.3,4.1,MM,0.5,0
2026,1,30,1600,37.24,126.02,10,7.0,MM,MM,MM,-4.5,4.1,MM,0.5,0
2026,1,30,1500,37.24,126.02,350,5.0,MM,MM,MM,-4.2,4.0,MM,0.5,0
2026,1,30,1400,37.24,126.02,350,7.0,MM,MM,MM,-3.9,4.1,MM,0.5,0
2026,1,30,1300,37.24,126.02,360,7.0,MM,MM,MM,-3.2,4.0,MM,0.5,0
2026,1,30,1200,37.24,126.02,0,5.0,MM,MM,MM,-2.7,4.1,MM,0.5,0
2026,1,30,1100,37.24,126.02,350,5.0,MM,MM,MM,-2.6,4.1,MM,0.5,0
2026,1,30,1000,37.24,126.02,350,6.0,MM,MM,MM,-2.8,4.0,MM,0.5,0
2026,1,30,900,37.24,126.02,360,6.0,MM,MM,MM,-3.2,4.1,MM,0.5,0
2026,1,30,800,37.24,126.02,350,6.0,MM,MM,MM,-3.6,4.2,MM,0.5,0
2026,1,30,700,37.24,126.02,350,5.0,MM,MM,MM,-4.0,4.3,MM,0.5,0
2026,1,30,600,37.24,126.02,350,6.0,MM,MM,MM,-4.6,4.3,MM,0.5,0
2026,1,30,500,37.24,126.02,350,7.0,MM,MM,MM,-4.8,4.2,MM,0.5,0
2026,1,30,400,37.24,126.02,340,6.0,MM,MM,MM,-5.4,4.2,MM,0.5,0
2026,1,30,300,37.24,126.02,350,7.0,MM,MM,MM,-5.7,4.2,MM,0.5,0
2026,1,30,200,37.24,126.02,0,6.0,MM,MM,MM,-6.0,4.1,MM,0.5,0
2026,1,30,100,37.24,126.02,0,8.0,MM,MM,MM,-5.9,4.1,MM,0.5,0
2026,1,30,0,37.24,126.02,360,8.0,MM,MM,MM,-5.6,4.1,MM,0.5,0
2026,1,29,2300,37.24,126.02,360,8.0,MM,MM,MM,-5.8,4.2,MM,0.5,0
2026,1,29,2200,37.24,126.02,360,9.0,MM,MM,MM,-5.6,4.1,MM,0.5,0
2026,1,29,2100,37.24,126.02,350,8.0,MM,MM,MM,-5.4,4.1,MM,0.5,0
2026,1,29,2000,37.24,126.02,360,8.0,MM,MM,MM,-4.9,4.1,MM,0.5,0
2026,1,29,1900,37.24,126.02,350,8.0,MM,MM,MM,-4.7,4.3,MM,0.5,0
2026,1,29,1800,37.24,126.02,340,8.0,MM,MM,MM,-4.3,4.3,MM,0.5,0
2026,1,29,1700,37.24,126.02,340,7.0,MM,MM,MM,-4.0,4.3,MM,0.5,0
2026,1,29,1600,37.24,126.02,360,7.0,MM,MM,MM,-3.7,4.2,MM,1.0,0
2026,1,29,1500,37.24,126.02,0,9.0,MM,MM,MM,-3.5,4.2,MM,1.0,0
2026,1,29,1400,37.24,126.02,360,11.0,MM,MM,MM,-3.5,4.2,MM,1.0,0
2026,1,29,1300,37.24,126.02,0,12.0,MM,MM,MM,-3.5,4.2,MM,1.0,0
2026,1,29,1200,37.24,126.02,360,12.0,MM,MM,MM,-3.7,4.2,MM,0.5,0
2026,1,29,1100,37.24,126.02,350,11.0,MM,MM,MM,-2.7,4.2,MM,0.5,0
2026,1,29,1000,37.24,126.02,330,10.0,MM,MM,MM,-1.7,4.2,MM,0.5,0
2026,1,29,900,37.24,126.02,320,9.0,MM,MM,MM,-1.4,4.2,MM,0.5,0
2026,1,29,800,37.24,126.02,330,7.0,MM,MM,MM,-1.0,4.2,MM,0.5,0
2026,1,29,700,37.24,126.02,320,6.0,MM,MM,MM,-1.9,4.4,MM,0.5,0
2026,1,29,600,37.24,126.02,330,5.0,MM,MM,MM,-2.8,4.4,MM,0.5,0
2026,1,29,500,37.24,126.02,330,5.0,MM,MM,MM,-3.2,4.4,MM,0.5,0
2026,1,29,400,37.24,126.02,320,5.0,MM,MM,MM,-3.4,4.4,MM,0.5,0
2026,1,29,300,37.24,126.02,340,5.0,MM,MM,MM,-3.2,4.3,MM,0.5,0
2026,1,29,200,37.24,126.02,340,6.0,MM,MM,MM,-3.2,4.4,MM,0.0,0
2026,1,29,100,37.24,126.02,350,6.0,MM,MM,MM,-2.8,4.3,MM,0.0,0
2026,1,29,0,37.24,126.02,340,5.0,MM,MM,MM,-2.9,4.2,MM,0.0,0
